Date,Open,High,Low,Close,Volume,Market Cap,pcnt_change,3_day_volume_avg,7_day_volume_avg,10_day_volume_avg,20_day_volume_avg,3_day_close_avg,7_day_close_avg,10_day_close_avg,20_day_close_avg,increase_flag,tomorrow_percent_change
3-Oct-17,36.65,36.79,32.01,33.61,"74,199,600","1,832,530,000",-8.2946794,"87,489,033","97,366,429","84,062,630","56,800,335",35.35666667,32.92428571,30.266,24.747,1,2.913165266
2-Oct-17,35.7,39.01,34.9,36.74,"116,098,000","1,785,160,000",2.913165266,"90,149,700","96,176,286","78,364,350","54,953,275",35.55666667,31.89142857,28.923,24.0695,1,4.68933177
1-Oct-17,34.12,35.83,31.82,35.72,"72,169,500","1,705,880,000",4.68933177,"75,636,467","91,194,500","69,002,570","51,183,490",32.85666667,30.36,27.118,23.281,1,19.65722281
30-Sep-17,28.59,34.24,28.45,34.21,"82,181,600","1,429,500,000",19.65722281,"85,311,633","82,594,171","63,944,360","48,966,780",30.87,28.08428571,25.291,22.589,1,-5.32231405
29-Sep-17,30.25,30.41,26.13,28.64,"72,558,300","1,512,530,000",-5.32231405,"112,305,433","73,313,486","57,132,020","47,557,825",30.06333333,26.08,23.845,22.016,0,-6.356198867
28-Sep-17,31.78,32.69,27.68,29.76,"101,195,000","1,589,170,000",-6.356198867,"110,075,533","66,159,471","52,921,380","46,289,885",29.31,24.65857143,22.975,21.682,0,20.78267477
27-Sep-17,26.32,34.03,26.32,31.79,"163,163,000","1,316,040,000",20.78267477,"103,419,033","54,786,957","45,566,640","46,842,735",28.06333333,22.9,22.121,21.437,1,0.995405819
26-Sep-17,26.12,27.3,24.46,26.38,"65,868,600","1,305,990,000",0.995405819,"53,020,433","33,486,271","31,119,850","49,384,635",24.06333333,21.18,20.928,21.3865,1,31.41414141
25-Sep-17,19.8,27.08,19.8,26.02,"81,225,500","989,892,000",31.41414141,"36,803,167","28,426,743","29,553,990","49,978,520",21.99666667,20.26,20.366,21.1355,1,-1.883986118
24-Sep-17,20.17,20.43,19.28,19.79,"11,967,200","1,008,660,000",-1.883986118,"17,221,400","20,772,757","26,512,610","50,487,360",19.55333333,19.57428571,19.638,20.9745,0,8.611410118
23-Sep-17,18.58,20.59,18.3,20.18,"17,216,800","929,086,000",8.611410118,"20,428,133","21,733,886","29,538,040","59,384,850",18.77333333,19.58428571,19.228,21.0765,1,7.475560667
22-Sep-17,17.39,19.32,16.98,18.69,"22,480,200","869,657,000",7.475560667,"19,375,267","26,447,200","31,542,200","60,685,625",18.63,19.66714286,19.216,21.5835,1,-11.19592875
21-Sep-17,19.65,19.82,16.75,17.45,"21,587,400","982,515,000",-11.19592875,"22,032,500","30,494,557","33,364,410","64,197,745",19.04666667,19.67428571,19.444,22.235,0,-0.753768844
20-Sep-17,19.9,20.47,19.69,19.75,"14,058,200","995,012,000",-0.753768844,"24,052,567","33,442,286","33,989,200","66,889,320",20.30333333,19.42285714,19.887,22.963,0,-5.002382087
19-Sep-17,20.99,21.71,19.04,19.94,"30,451,900","1,049,420,000",-5.002382087,"25,598,200","36,756,600","37,983,630","68,684,275",20.34,19.46714286,20.187,23.6335,0,6.579608237
18-Sep-17,19.91,21.38,19.54,21.22,"27,647,600","995,579,000",6.579608237,"32,184,233","38,220,943","39,658,390","72,026,160",20.61333333,19.61428571,20.389,24.2915,1,-3.779069767
17-Sep-17,20.64,20.64,18.36,19.86,"18,695,100","1,031,920,000",-3.779069767,"39,905,600","38,247,757","48,118,830","79,070,480",19.78666667,19.70857143,20.753,24.9135,0,10.72
16-Sep-17,18.75,22.98,18.5,20.76,"50,210,000","937,288,000",10.72,"47,747,733","43,291,671","67,649,420","80,205,775",18.39666667,20.12142857,21.845,25.843,1,18.53257432
15-Sep-17,15.81,19.12,13.32,18.74,"50,811,700","790,612,000",18.53257432,"43,430,533","42,861,600","70,403,050","80,227,755",18.16333333,20.29285714,21.905,26.8095,1,-21.8625498
14-Sep-17,20.08,20.75,14.95,15.69,"42,221,500","1,004,180,000",-21.8625498,"40,060,733","51,638,786","74,462,110","79,738,060",18.90666667,21.16714286,22.311,27.802,0,-3.696591455
13-Sep-17,20.83,21.29,17.8,20.06,"37,258,400","1,041,450,000",-3.696591455,"35,265,333","76,178,714","89,231,660","80,015,595",20.97,23.32285714,22.925,29.0325,0,-4.115226337
12-Sep-17,21.87,23.6,19.86,20.97,"40,702,300","1,093,590,000",-4.115226337,"40,846,700","81,962,700","89,829,050","81,346,450",21.86666667,23.50857143,23.951,30.132,0,-3.527336861
11-Sep-17,22.68,23.97,21.7,21.88,"27,835,300","1,133,790,000",-3.527336861,"43,012,433","89,205,557","95,031,080","85,899,485",22.19666667,23.77,25.026,31.0835,0,4.549632353
10-Sep-17,21.76,23.64,19.37,22.75,"54,002,500","1,088,180,000",4.549632353,"71,151,333","112,360,086","99,789,440","87,920,985",23.19,23.76285714,26.039,31.782,1,-10.84043849
9-Sep-17,24.63,24.63,21.55,21.96,"47,199,500","1,231,580,000",-10.84043849,"124,484,167","110,821,486","99,384,920","89,518,610",25.86666667,24.84428571,27.08,32.4095,0,-18.73161164
8-Sep-17,30.59,30.59,22.41,24.86,"112,252,000","1,529,630,000",-18.73161164,"134,666,433","117,324,786","104,393,930","91,451,745",25.66666667,26.23857143,28.194,33.221,0,44.50704225
7-Sep-17,21.3,33.55,20.54,30.78,"214,001,000","1,065,110,000",44.50704225,"127,716,533","112,062,914","110,022,130","94,257,045",24.98,27.26,29.074,33.9765,1,-7.00914236
6-Sep-17,22.97,24.32,20.3,21.36,"77,746,300","1,148,320,000",-7.00914236,"119,688,533","88,628,100","92,762,130","94,049,245",21.99666667,27.6,29.841,34.38,0,4.204753199
5-Sep-17,21.88,23.85,18.93,22.8,"91,402,300","1,093,860,000",4.204753199,"108,183,867","91,420,000","90,052,460","99,732,430",24.98333333,29.27714286,31.714,35.3465,1,-28.28515112
4-Sep-17,30.44,30.44,17.4,21.83,"189,917,000","1,522,090,000",-28.28515112,"108,623,967","102,438,814","85,014,010","103,675,965",27.95666667,30.82857143,33.293,36.4835,0,-4.564054139
3-Sep-17,31.77,32.65,28.58,30.32,"43,232,300","1,588,690,000",-4.564054139,"70,457,933","81,222,243","70,799,530","107,320,165",31.35,33.20285714,35.14,37.7665,0,0.094667087
2-Sep-17,31.69,34.81,28.55,31.72,"92,722,600","1,584,390,000",0.094667087,"72,699,600","82,281,857","72,863,850","122,343,800",32.29666667,34.59857143,36.313,38.622,0,-3.497135966
1-Sep-17,33.17,33.57,28.87,32.01,"75,418,900","1,658,680,000",-3.497135966,"74,221,933","74,895,457","76,767,890","140,140,370",32.75666667,35.58,37.141,39.3685,0,0.69845126
31-Aug-17,32.93,35.09,32.6,33.16,"49,957,300","1,646,720,000",0.69845126,"105,260,300","70,945,929","76,052,530","145,258,025",33.30666667,36.76428571,37.525,39.5985,1,-1.135005974
30-Aug-17,33.48,35.84,29.71,33.1,"97,289,600","1,673,910,000",-1.135005974,"102,408,200","72,934,243","79,652,300","161,863,660",35.07,38.03428571,37.739,39.6155,0,-12.48049922
29-Aug-17,38.46,38.46,30.69,33.66,"168,534,000","1,922,840,000",-12.48049922,"86,861,533","77,859,014","78,509,560","175,005,430",37.4,39.02,38.248,39.7695,0,-4.424558787
28-Aug-17,40.23,40.31,37.38,38.45,"41,401,000","2,011,600,000",-4.424558787,"44,356,133","63,534,914","78,491,960","172,418,480",39.04333333,39.33285714,38.879,39.174,0,3.913945049
27-Aug-17,38.58,41.23,37.42,40.09,"50,649,600","1,928,770,000",3.913945049,"46,479,867","69,899,771","95,336,360","176,577,880",39.66,38.88285714,38.919,38.165,1,-4.266931283
26-Aug-17,40.31,40.52,37.7,38.59,"41,017,800","2,015,360,000",-4.266931283,"50,888,500","74,930,143","109,412,400","182,371,100",40.31333333,38.61142857,38.979,37.0945,0,-3.956148713
25-Aug-17,41.96,42.26,39.78,40.3,"47,772,200","2,098,230,000",-3.956148713,"81,136,900","93,121,600","122,337,920","184,392,750",40.78333333,38.80857143,39.674,35.9255,0,5.335671343
24-Aug-17,39.92,42.13,39.31,42.05,"63,875,500","1,996,230,000",5.335671343,"87,967,933","116,274,857","143,840,800","186,138,160",39.3,38.60142857,40.393,34.6115,1,11.63829193
23-Aug-17,35.83,44.03,35.25,40,"131,763,000","1,791,670,000",11.63829193,"95,327,767","134,494,071","171,823,750","185,758,660",37.05,38.40714286,40.931,33.0305,1,1.962457338
22-Aug-17,35.16,36.17,31.6,35.85,"68,265,300","1,758,180,000",1.962457338,"80,027,500","139,995,500","203,512,850","181,662,950",36.44666667,39.19857143,41.596,31.564,1,-7.202944269
21-Aug-17,38.04,38.28,34.15,35.3,"85,955,000","1,902,060,000",-7.202944269,"113,391,733","167,786,314","214,463,520","179,127,635",37.82,40.86142857,41.672,30.177,0,-3.633610901
20-Aug-17,39.63,40.65,38.16,38.19,"85,862,200","1,981,640,000",-3.633610901,"154,688,400","204,607,743","244,075,020","175,756,280",39.00333333,42.59428571,41.492,28.805,0,2.856407617
19-Aug-17,38.86,42.22,35.4,39.97,"168,358,000","1,943,180,000",2.856407617,"189,871,000","256,435,143","271,501,300","172,006,000",39.83666667,43.80285714,41.291,27.262,1,-4.895960832
18-Aug-17,40.85,41.16,31.32,38.85,"209,845,000","2,042,450,000",-4.895960832,"190,509,333","257,780,000","266,345,000","164,038,402",41.69333333,43.32285714,39.469,25.621,0,-11.00174978
17-Aug-17,45.72,46.34,38.91,40.69,"191,410,000","2,286,130,000",-11.00174978,"208,161,333","282,383,571","257,819,400","154,072,072",44.57333333,42.55857143,37.411,24.0415,0,-3.0651341
16-Aug-17,46.98,51.24,44.69,45.54,"170,273,000","2,349,050,000",-3.0651341,"258,926,333","306,485,714","255,329,800","145,287,862",46.82,41.91428571,35.21,22.3615,0,-0.021052632
15-Aug-17,47.5,47.99,39.52,47.49,"262,801,000","2,375,010,000",-0.021052632,"351,720,000","298,846,000","246,447,580","137,536,767",47.19,38.51571429,32.177,20.4705,1,-0.419903422
14-Aug-17,47.63,52.02,44.79,47.43,"343,705,000","2,381,360,000",-0.419903422,"323,377,000","279,101,429","228,435,520","125,234,997",43.56333333,34.34142857,28.83,18.4545,1,26.55995659
13-Aug-17,36.86,52.63,35.32,46.65,"448,654,000","1,843,040,000",26.55995659,"336,165,333","253,788,429","199,693,570","109,023,767",38.92,30.23428571,25.13,16.4505,1,10.40410133
12-Aug-17,33.16,37.37,30.45,36.61,"177,772,000","1,657,810,000",10.40410133,"306,655,667","201,330,829","159,813,050","87,655,252",35.43,25.74285714,21.532,14.541,1,-7.764317181
11-Aug-17,36.32,39.13,27.58,33.5,"382,070,000","1,815,780,000",-7.764317181,"286,330,000","187,746,314","143,791,750","80,262,407",30.47666667,22.51571429,18.682,13.139,0,66.88191882
10-Aug-17,21.68,38.44,21.36,36.18,"360,125,000","1,084,180,000",66.88191882,"200,503,000","141,205,671","107,437,540","62,803,447",25.4,19.22,16.118,11.895,1,18.59323882
9-Aug-17,18.34,21.94,17.46,21.75,"116,795,000","917,009,000",18.59323882,"135,966,000","96,880,500","72,510,700","45,862,097",19.56666667,15.57571429,13.233,10.457,1,-2.455953017
8-Aug-17,18.73,19.34,15.59,18.27,"124,589,000","936,705,000",-2.455953017,"124,184,600","82,703,929","61,731,803","41,296,152",17.38666667,13.62714286,11.773,9.73,0,22.89473684
7-Aug-17,15.2,20.24,14.36,18.68,"166,514,000","759,959,000",22.89473684,"110,215,067","67,552,343","50,324,743","35,779,477",15.97,12.14,10.672,9.1105,1,7.339449541
6-Aug-17,14.17,16.19,13.42,15.21,"81,450,800","708,471,000",7.339449541,"73,472,233","45,315,571","35,245,923","28,358,862",13.22,10.51857143,9.513,8.4775,1,34.93743985
5-Aug-17,10.39,14.95,10.24,14.02,"82,680,400","519,506,000",34.93743985,"62,938,233","34,966,319","28,625,953","25,036,972",11.70666667,9.367142857,8.764,8.0055,1,-3.782287823
4-Aug-17,10.84,11.22,9.97,10.43,"56,285,500","541,832,000",-3.782287823,"41,231,100","24,657,461","22,034,473","21,377,873",9.736666667,8.401428571,8.079,7.5565,0,30.28083028
3-Aug-17,8.19,10.7,8.06,10.67,"49,848,800","409,434,000",30.28083028,"28,645,233","18,863,219","18,353,963","19,128,308",8.88,7.924285714,7.771,7.2865,1,3.312101911
2-Aug-17,7.85,8.3,7.71,8.11,"17,559,000","392,732,000",3.312101911,"15,647,833","13,920,690","15,497,453","17,253,418",7.766666667,7.502857143,7.55,7.03,1,6.793478261
1-Aug-17,7.36,8.2,6.96,7.86,"18,527,900","368,123,000",6.793478261,"12,796,843","13,807,347","16,733,063","17,266,668",7.446666667,7.368571429,7.596,6.939,1,2.374301676
31-Jul-17,7.16,7.43,7.02,7.33,"10,856,600","358,222,000",2.374301676,"10,127,010","13,943,419","18,169,353","17,507,138",7.246666667,7.295714286,7.672,6.8775,1,-1.650618982
30-Jul-17,7.27,7.3,6.94,7.15,"9,006,030","363,345,000",-1.650618982,"11,750,077","15,433,004","19,213,493","17,973,453",7.166666667,7.457142857,7.681,6.781,0,2.3977433
29-Jul-17,7.09,7.46,6.76,7.26,"10,518,400","354,258,000",2.3977433,"13,831,767","18,420,014","20,860,500","18,092,916",7.356666667,7.66,7.687,6.725,1,-8.516129032
28-Jul-17,7.75,7.88,6.93,7.09,"15,725,800","387,410,000",-8.516129032,"15,914,167","21,616,071","21,234,210","18,088,121",7.326666667,7.854285714,7.549,6.707,0,6.925207756
27-Jul-17,7.22,7.94,7.13,7.72,"15,251,100","360,772,000",6.925207756,"17,165,700","22,412,100","21,471,800","18,508,756",7.413333333,7.901428571,7.442,6.725,1,-2.182810368
26-Jul-17,7.33,7.59,6.58,7.17,"16,765,600","366,562,000",-2.182810368,"19,176,567","23,872,814","21,447,990","18,566,676",7.66,7.828571429,7.247,6.6775,0,-13.3254717
25-Jul-17,8.48,8.48,6.88,7.35,"19,480,400","423,876,000",-13.3254717,"23,559,733","23,514,229","20,721,272","18,625,021",8.126666667,7.644285714,7.034,6.711,0,-1.742160279
24-Jul-17,8.61,8.81,8.19,8.46,"21,283,700","430,471,000",-1.742160279,"28,029,867","23,317,271","19,902,652","19,119,406",8.55,7.454285714,6.802,6.745,0,-0.810185185
23-Jul-17,8.64,8.93,7.76,8.57,"29,915,100","431,881,000",-0.810185185,"28,034,633","22,421,457","19,009,382","18,844,301",8.203333333,7.07,6.51,6.711,0,16.64411367
22-Jul-17,7.39,9.12,7.31,8.62,"32,890,800","369,727,000",16.64411367,"26,554,967","19,504,789","17,800,272","18,789,566",7.75,6.565714286,6.282,6.6935,1,2.486187845
21-Jul-17,7.24,7.97,7.03,7.42,"21,298,000","361,826,000",2.486187845,"20,343,200","16,419,560","16,844,922","19,518,961",6.836666667,6.052857143,6.083,6.6675,1,22.41086587
20-Jul-17,5.89,7.47,5.89,7.21,"25,476,100","294,317,000",22.41086587,"19,277,767","15,141,417","16,733,412","20,110,481",6.37,5.784285714,5.881,6.694,1,-2.649006623
19-Jul-17,6.04,6.23,5.65,5.88,"14,255,500","301,935,000",-2.649006623,"15,790,067","14,048,260","15,325,332","21,004,451",5.89,5.652857143,5.763,6.77,0,4.332755633
18-Jul-17,5.77,6.29,5.51,6.02,"18,101,700","288,470,000",4.332755633,"14,204,373","15,345,660","14,942,032","24,144,176",5.61,5.76,5.865,6.9645,1,14.03162055
17-Jul-17,5.06,5.85,5.03,5.77,"15,013,000","253,054,000",14.03162055,"11,935,207","15,642,974","15,545,712","26,888,206",5.28,5.671428571,6.008,7.0825,1,0.198807157
16-Jul-17,5.03,5.27,4.83,5.04,"9,498,420","251,399,000",0.198807157,"11,047,873","15,126,160","15,685,362","29,689,041",5.203333333,5.708571429,6.108,7.1355,1,-9.369369369
15-Jul-17,5.55,5.55,4.98,5.03,"11,294,200","277,400,000",-9.369369369,"13,823,067","15,258,171","16,528,770","30,594,915",5.62,5.974285714,6.388,7.16,0,-11.64274322
14-Jul-17,6.27,6.29,5.42,5.54,"12,351,000","313,433,000",-11.64274322,"17,837,433","17,093,071","18,336,160","31,274,750",6.153333333,6.32,6.688,7.206,0,-5.838323353
13-Jul-17,6.68,6.95,5.91,6.29,"17,824,000","334,240,000",-5.838323353,"20,448,067","17,672,857","18,679,220","32,325,175",6.106666667,6.495714286,6.912,7.244,0,24.85875706
12-Jul-17,5.31,6.69,5.07,6.63,"23,337,300","265,564,000",24.85875706,"18,305,167","17,688,357","19,778,860","34,785,640",6.02,6.717142857,7.105,7.2715,1,-8.937605396
11-Jul-17,5.93,6.11,4.83,5.4,"20,182,900","296,309,000",-8.937605396,"14,000,233","18,549,900","22,193,000","39,381,225",6.11,6.917142857,7.252,7.287,0,-12.73516643
10-Jul-17,6.91,6.96,5.58,6.03,"11,395,300","345,719,000",-12.73516643,"15,318,767","17,921,143","23,487,550","42,790,800",6.793333333,7.257142857,7.507,7.5245,0,-6.756756757
9-Jul-17,7.4,7.62,6.87,6.9,"10,422,500","370,072,000",-6.756756757,"16,990,167","20,410,443","26,683,570","48,554,085",7.04,7.57,7.777,7.623,0,9.72017673
8-Jul-17,6.79,7.63,5.91,7.45,"24,138,500","339,382,000",9.72017673,"19,493,500","25,704,186","33,346,320","62,100,010",7.353333333,7.741428571,8.064,7.864,1,-13.53767561
7-Jul-17,7.83,7.89,6.74,6.77,"16,409,500","391,569,000",-13.53767561,"21,236,700","26,988,457","38,230,700","63,962,135",7.546666667,7.812857143,8.157,7.7545,0,-1.754385965
6-Jul-17,7.98,8.34,7.69,7.84,"17,932,500","399,093,000",-1.754385965,"21,027,400","30,837,886","43,692,720","67,271,710",7.883333333,8.092857143,8.163,7.604,0,3.346203346
5-Jul-17,7.77,8.66,7.23,8.03,"29,368,100","388,453,000",3.346203346,"24,656,700","39,283,243","44,661,060","68,664,195",8.01,8.368571429,7.932,7.3505,1,-5.352798054
4-Jul-17,8.22,8.49,7.77,7.78,"15,781,600","410,831,000",-5.352798054,"30,693,567","45,513,843","44,213,340","67,673,337",8.033333333,8.418571429,7.724,7.038,0,1.985111663
3-Jul-17,8.06,8.48,7.52,8.22,"28,820,400","402,786,000",1.985111663,"36,475,833","53,406,429","45,971,130","67,409,117",8.09,8.282857143,7.576,6.736,1,1.75879397
2-Jul-17,7.96,8.51,6.75,8.1,"47,478,700","397,988,000",1.75879397,"41,320,867","53,234,357","49,792,420","66,490,922",8.26,7.898571429,7.438,6.4155,1,-9.350057013
1-Jul-17,8.77,9.24,7.74,7.95,"33,128,400","438,293,000",-9.350057013,"51,177,967","50,007,529","56,569,450","64,491,612",8.816666667,7.591428571,7.322,6.086,0,-10.18518519
30-Jun-17,9.72,10,8.6,8.73,"43,355,500","485,988,000",-10.18518519,"64,462,600","50,040,543","62,094,050","63,159,162",8.96,7.355714286,7.542,5.772,0,17.14628297
29-Jun-17,8.34,10.07,7.91,9.77,"77,050,000","416,970,000",17.14628297,"73,687,333","53,423,086","70,424,600","61,856,152",8.326666667,7.085714286,7.469,5.4195,1,20.40229885
28-Jun-17,6.96,8.69,6.49,8.38,"72,982,300","347,826,000",20.40229885,"57,209,300","58,880,086","90,853,700","58,490,053",6.913333333,6.681428571,7.664,5.0085,1,27.6635514
27-Jun-17,5.35,7.26,5.09,6.83,"71,029,700","267,538,000",27.6635514,"41,178,833","61,078,957","89,693,570","55,196,853",6.103333333,6.934285714,7.352,4.6575,1,-7.058823529
26-Jun-17,5.95,6.22,4.42,5.53,"27,615,900","297,587,000",-7.058823529,"28,622,100","69,026,286","90,850,700","51,795,093",5.926666667,7.101428571,7.045,4.38,0,-5.405405405
25-Jun-17,6.29,6.46,5.66,5.95,"24,890,900","314,543,000",-5.405405405,"41,761,233","105,272,729","92,667,330","50,676,007",6.363333333,7.985714286,6.769,4.1705,0,-8.296943231
24-Jun-17,6.87,7.11,6.25,6.3,"33,359,500","343,738,000",-8.296943231,"71,880,600","110,485,600","91,133,334","49,625,308",6.693333333,7.887142857,6.352,3.937,0,-1.156069364
23-Jun-17,6.92,7.43,5.78,6.84,"67,033,300","346,025,000",-1.156069364,"90,218,900","117,520,100","88,847,104","48,085,944",7.976666667,7.524285714,5.896,3.685,0,-31.69291339
22-Jun-17,10.16,10.51,6.9,6.94,"115,249,000","507,921,000",-31.69291339,"110,094,800","114,484,229","83,189,424","44,936,766",8.363333333,6.942857143,5.393,3.406,0,26.24378109
21-Jun-17,8.04,10.21,7.81,10.15,"88,374,400","401,956,000",26.24378109,"165,458,800","99,384,506","72,413,773","39,532,210",9.956666667,6.205714286,4.85,3.1265,1,-32.14588634
20-Jun-17,11.79,11.79,7.87,8,"126,661,000","589,390,000",-32.14588634,"156,461,000","88,259,191","64,224,274","35,516,586",8.326666667,5.004285714,4.002,2.681,0,114.6520147
19-Jun-17,5.46,11.81,5.46,11.72,"281,341,000","273,011,000",114.6520147,"141,774,333","71,658,549","53,287,704","29,333,587",6.913333333,4.12,3.37,2.3325,1,38.78627968
18-Jun-17,3.79,5.26,3.47,5.26,"61,381,000","189,717,000",38.78627968,"63,254,733","32,537,333","26,126,406","15,536,223",3.93,2.661428571,2.353,1.7975,1,34.28571429
17-Jun-17,2.8,4.18,2.7,3.76,"82,601,000","139,894,000",34.28571429,"45,978,047","24,694,249","20,700,135","12,575,723",2.77,2.148571429,1.963,1.58283825,1,53.88888889
16-Jun-17,1.8,2.81,1.72,2.77,"45,782,200","90,202,000",53.88888889,"21,943,447","15,364,863","12,739,486","8,702,365",2.096666667,1.851428571,1.715,1.44134355,1,2.298850575
15-Jun-17,1.74,1.84,1.54,1.78,"9,550,940","86,947,000",2.298850575,"10,168,213","10,214,266","8,684,683","6,764,551",1.776666667,1.677142857,1.572,1.35196095,1,-3.867403315
14-Jun-17,1.81,1.94,1.68,1.74,"10,497,200","90,657,000",-3.867403315,"9,482,063","9,866,744","8,117,281","6,629,401",1.686666667,1.617142857,1.522,1.3042884,0,20.66666667
13-Jun-17,1.5,1.86,1.5,1.81,"10,456,500","75,221,500",20.66666667,"8,142,800","8,794,931","7,324,783","6,727,441",1.663333333,1.551428571,1.474,1.2727884,1,-9.580838323
12-Jun-17,1.67,1.69,1.4,1.51,"7,492,490","83,716,000",-9.580838323,"10,422,400","8,048,884","6,684,107","7,349,636",1.62,1.484285714,1.419,1.2702884,0,-1.183431953
11-Jun-17,1.69,1.73,1.52,1.67,"6,479,410","84,426,000",-1.183431953,"11,167,577","7,532,374","6,650,647","7,167,949",1.633333333,1.451428571,1.403,1.23864625,0,9.090909091
10-Jun-17,1.54,2.07,1.53,1.68,"17,295,300","77,129,000",9.090909091,"11,380,537","6,974,204","6,808,898","6,960,544",1.53,1.392857143,1.36,1.19117055,1,13.97058824
9-Jun-17,1.36,1.59,1.33,1.55,"9,728,020","67,874,000",13.97058824,"6,613,607","5,081,981","5,379,470","6,226,875",1.396666667,1.332857143,1.295,1.1403776,1,7.086614173
8-Jun-17,1.27,1.36,1.19,1.36,"7,118,290","63,677,000",7.086614173,"5,115,657","4,714,820","4,946,040","5,814,283",1.326666667,1.304285714,1.242,1.09615185,1,-4.47761194
7-Jun-17,1.34,1.36,1.27,1.28,"2,994,510","66,929,500",-4.47761194,"4,035,200","4,849,624","4,451,311","5,552,598",1.3,1.287142857,1.2026765,1.05974485,0,4.6875
6-Jun-17,1.28,1.37,1.2,1.34,"5,234,170","63,757,000",4.6875,"3,894,437","4,850,554","4,665,243","5,462,950",1.293333333,1.251428571,1.1676871,1.0227189,1,0.787401575
5-Jun-17,1.27,1.35,1.25,1.28,"3,876,920","63,267,500",0.787401575,"3,499,627","4,873,347","4,844,418","5,267,675",1.266666667,1.205714286,1.1319219,0.98230105,1,0.8
4-Jun-17,1.25,1.32,1.22,1.26,"2,572,220","62,425,500",0.8,"4,593,283","4,629,644","5,141,520","5,105,689",1.29,1.160966429,1.0865768,0.9414844,0,-7.352941176
3-Jun-17,1.36,1.36,1.15,1.26,"4,049,740","68,122,000",-7.352941176,"6,423,183","4,995,589","6,130,098","5,021,939",1.283333333,1.113838714,1.0715768,0.90198725,0,8
2-Jun-17,1.25,1.4,1.18,1.35,"7,157,890","62,290,500",8,"6,073,610","5,420,757","8,015,164","4,844,536",1.206666667,1.074174143,1.1215768,0.8628644,1,20.38834951
1-Jun-17,1.03,1.3,1.01,1.24,"8,061,920","51,383,000",20.38834951,"5,485,553","5,376,479","7,685,251","4,517,487",1.096666667,0.999395429,1.0742925,0.8195916,1,0.980392157
31-May-17,1.02,1.08,0.966531,1.03,"3,001,020","51,167,000",0.980392157,"3,521,913","6,004,490","7,112,189","4,141,793",1.005588333,0.980824,1.0223411,0.7819758,1,4.572161455
30-May-17,0.975403,1.13,0.970573,1.02,"5,393,720","48,770,200",4.572161455,"4,232,850","8,847,259","7,074,280","4,039,399",0.972290333,1.085109714,0.9857552,0.75452965,1,4.886262418
29-May-17,0.921727,0.974728,0.873447,0.966765,"2,171,000","46,086,400",4.886262418,"4,776,917","8,627,979","6,682,525","3,811,875",0.959739667,1.064703571,0.9503037,0.72872435,1,-6.007839872
28-May-17,0.989557,1.07,0.814832,0.930106,"5,133,830","49,477,900",-6.007839872,"6,335,897","8,650,879","6,653,885","3,757,148",0.913001,1.029520857,0.9168132,0.7028546,0,21.75493044
27-May-17,0.806824,1.03,0.598245,0.982348,"7,025,920","40,341,200",21.75493044,"8,777,287","8,292,036","6,260,656","3,551,744",0.972965667,0.991525857,0.8777507,0.6811779,1,-25.53612613
26-May-17,1.11,1.22,0.69411,0.826549,"6,847,940","55,293,000",-25.53612613,"14,068,780","7,499,214","5,690,931","3,262,901",1.232183,0.946259714,0.8326802,0.6588501,0,-36.20689655
25-May-17,1.74,1.74,1.01,1.11,"12,458,000","87,149,500",-36.20689655,"13,072,387","6,790,166","5,069,857","2,987,590",1.249052333,0.918447,0.796392,0.64690615,0,100.2380102
24-May-17,0.878954,1.9,0.863444,1.76,"22,900,400","43,947,700",100.2380102,"9,696,820","5,182,100","3,913,779","2,497,695",1.119214333,0.836944286,0.7323977,0.62022745,1,21.53601228
23-May-17,0.721726,0.901805,0.695115,0.877157,"3,858,760","36,086,300",21.53601228,"2,937,330","2,100,424","1,673,909","1,468,547",0.753928,0.661464714,0.604152,0.5572429,1,5.642024202
22-May-17,0.682007,0.742591,0.669175,0.720486,"2,331,300","34,100,400",5.642024202,"2,143,133","1,640,202","1,349,723","1,313,521",0.683370667,0.602394714,0.5648907,0.53057415,1,-0.194309278
21-May-17,0.665434,0.744667,0.618864,0.664141,"2,621,930","33,271,700",-0.194309278,"1,994,233","1,435,333","1,171,396","1,226,397",0.653828667,0.566619143,0.5416105,0.5102915,0,4.283802503
20-May-17,0.638148,0.671513,0.612225,0.665485,"1,476,170","31,907,400",4.283802503,"1,520,770","1,132,442","1,004,518","1,152,403",0.612275333,0.539962286,0.5233041,0.49302635,1,17.06487424
19-May-17,0.539752,0.682251,0.539752,0.63186,"1,884,600","26,987,600",17.06487424,"1,471,603","1,009,691","941,226","1,160,171",0.567661333,0.514113571,0.507145,0.47775705,1,1.135684063
18-May-17,0.533423,0.552265,0.514519,0.539481,"1,201,540","26,671,200",1.135684063,"1,055,805","818,752","860,411","1,113,942",0.511597,0.493517,0.488896,0.4597505,1,14.50789924
17-May-17,0.464285,0.531643,0.454101,0.531643,"1,328,670","23,214,200",14.50789924,"954,364","783,268","842,832","1,077,549",0.488455667,0.485173571,0.4846051,0.4442392,1,-2.296830585
16-May-17,0.474567,0.474567,0.452551,0.463667,"637,204","23,728,400",-2.296830585,"678,705","713,921","834,871","1,027,514",0.470422333,0.481209429,0.48502,0.42776165,0,-1.530697748
15-May-17,0.477364,0.4933,0.45415,0.470057,"897,219","23,868,200",-1.530697748,"671,940","776,670","905,322","1,004,924",0.477381333,0.479167,0.4974203,0.41380715,0,-1.205903528
14-May-17,0.483372,0.490861,0.473253,0.477543,"501,693","24,168,600",-1.205903528,"555,543","795,032","1,081,610","972,153",0.483257,0.482954857,0.5080572,0.3994795,0,-0.68234971
13-May-17,0.487873,0.491284,0.451528,0.484544,"616,908","24,393,600",-0.68234971,"706,029","901,799","1,263,186","960,204",0.484435,0.491276143,0.5103338,0.38429025,0,1.416171388
12-May-17,0.480874,0.508175,0.469682,0.487684,"548,028","24,043,700",1.416171388,"781,474","1,005,343","1,277,319","938,142",0.490885,0.506008429,0.4962576,0.36881105,1,-4.607645237
11-May-17,0.504314,0.520573,0.431391,0.481077,"953,152","25,215,700",-4.607645237,"957,615","1,307,068","1,281,399","925,147",0.478113667,0.518685857,0.4789725,0.35357975,0,12.16088679
10-May-17,0.44926,0.541055,0.44926,0.503894,"843,243","22,463,000",12.16088679,"981,814","1,501,968","1,300,288","890,646",0.483278667,0.521433286,0.4627486,0.338432,1,-9.425131669
9-May-17,0.496131,0.501255,0.407576,0.44937,"1,076,450","24,806,600",-9.425131669,"1,117,087","1,489,824","1,379,116","859,610",0.493911333,0.498560143,0.4483691,0.32247355,0,-6.360173487
8-May-17,0.5303,0.542761,0.486931,0.496572,"1,025,750","26,515,000",-6.360173487,"1,205,510","1,420,163","1,367,472","820,652",0.540011333,0.479340571,0.430605,0.30947545,0,-8.452781057
7-May-17,0.585263,0.591143,0.516306,0.535792,"1,249,060","29,263,200",-8.452781057,"1,750,293","1,436,777","1,312,266","786,800",0.566629333,0.45395,0.4038733,0.2936708,0,2.586348354
6-May-17,0.572854,0.59035,0.537649,0.58767,"1,341,720","28,642,700",2.586348354,"2,106,423","1,491,414","1,220,158","740,912",0.554801667,0.428851,0.3705033,0.27645565,1,16.72488473
5-May-17,0.493833,0.576426,0.470129,0.576426,"2,660,100","24,691,600",16.72488473,"1,911,929","1,436,885","1,104,526","682,220",0.473505667,0.383716571,0.330194,0.25667595,1,44.97676009
4-May-17,0.345096,0.500403,0.334537,0.500309,"2,317,450","17,254,800",44.97676009,"1,221,504","1,124,540","862,696","553,044",0.386308,0.334120714,0.2909018,0.23746285,1,9.225216524
3-May-17,0.314746,0.348589,0.309078,0.343782,"758,237","15,737,300",9.225216524,"829,704","840,329","657,222","442,328",0.325817667,0.291518286,0.2582467,0.2220953,1,-1.3517282
2-May-17,0.319147,0.326074,0.280153,0.314833,"588,824","15,957,400",-1.3517282,"1,120,798","758,495","598,966","411,802",0.331256667,0.268774714,0.2413645,0.2144905,0,-11.84747117
1-May-17,0.361689,0.361689,0.269563,0.318838,"1,142,050","18,084,400",-11.84747117,"1,244,528","708,921","568,895","391,974",0.316888667,0.250013429,0.228187,0.2085265,0,32.52039701
30-Apr-17,0.271731,0.362409,0.268994,0.360099,"1,631,520","13,586,500",32.52039701,"1,021,741","583,301","481,003","347,744",0.287027667,0.229287714,0.2141154,0.2024759,1,18.34268244
29-Apr-17,0.229612,0.29057,0.221128,0.271729,"960,013","11,480,600",18.34268244,"587,225","375,323","340,103","276,589",0.234358667,0.202839286,0.196578,0.19486465,1,13.38368102
28-Apr-17,0.202194,0.229271,0.20142,0.229255,"473,689","10,109,700",13.38368102,"329,020","279,338","273,832","233,456",0.205308,0.190172,0.1883459,0.19072125,1,9.59792618
27-Apr-17,0.184394,0.20851,0.181833,0.202092,"327,972","9,219,700",9.59792618,"251,726","249,258","261,333","212,505",0.190057667,0.182867286,0.1834683,0.18876955,1,0.600626788
26-Apr-17,0.183475,0.188085,0.179909,0.184577,"185,400","9,173,750",0.600626788,"229,970","234,194","261,666","200,187",0.180613,0.180386286,0.182408,0.1880915,1,5.70141585
25-Apr-17,0.173606,0.184094,0.166802,0.183504,"241,805","8,680,300",5.70141585,"226,730","250,180","259,915","195,042",0.177407333,0.181076429,0.1831579,0.18818415,1,-1.874325858
24-Apr-17,0.177077,0.177153,0.163354,0.173758,"262,706","8,853,850",-1.874325858,"242,168","265,450","243,391","188,054",0.177258667,0.180644286,0.1840239,0.1882449,0,-3.167961745
23-Apr-17,0.180684,0.185985,0.169937,0.17496,"175,678","9,034,200",-3.167961745,"242,308","275,250","227,434","182,324",0.178713333,0.183177286,0.1859439,0.1888071,0,2.299614961
22-Apr-17,0.178943,0.188524,0.173304,0.183058,"288,119","8,947,150",2.299614961,"257,924","274,137","224,639","178,780",0.181968333,0.185622429,0.1876165,0.19004425,1,-3.553618323
21-Apr-17,0.184685,0.185694,0.174442,0.178122,"263,127","9,234,250",-3.553618323,"260,985","243,915","215,052","169,492",0.184085,0.186923286,0.188866,0.19116535,0,-2.537275634
20-Apr-17,0.189534,0.191015,0.178645,0.184725,"222,525","9,476,700",-2.537275634,"289,507","221,060","214,485","161,836",0.184870667,0.189042714,0.1908364,0.1925101,0,4.864302244
19-Apr-17,0.180622,0.190709,0.178089,0.189408,"297,302","9,031,100",4.864302244,"325,768","210,374","213,075","165,286",0.187125333,0.190037143,0.1931513,0.1934509,1,-5.956437914
18-Apr-17,0.19191,0.192224,0.176355,0.180479,"348,694","9,595,500",-5.956437914,"282,629","195,367","193,081","175,668",0.188014667,0.190915,0.1930966,0.1945083,0,-0.049064896
17-Apr-17,0.191583,0.192535,0.179468,0.191489,"331,308","9,579,150",-0.049064896,"191,920","182,333","163,677","175,012",0.191909667,0.193393143,0.1940708,0.19610575,0,-0.824073692
16-Apr-17,0.193672,0.19565,0.188923,0.192076,"167,886","9,683,600",-0.824073692,"115,863","164,777","138,708","199,530",0.192399333,0.195733857,0.193775,0.1975629,0,-0.428517392
15-Apr-17,0.192991,0.194574,0.190452,0.192164,"76,566","9,649,550",-0.428517392,"109,142","154,702","130,169","201,214",0.192269333,0.195274571,0.1932104,0.1972804,0,0.740315339
14-Apr-17,0.19154,0.19396,0.190495,0.192958,"103,138","9,577,000",0.740315339,"147,704","151,572","132,717","199,268",0.193399,0.194997,0.1924659,0.1956914,1,-1.175463741
13-Apr-17,0.193966,0.196013,0.190089,0.191686,"147,722","9,698,300",-1.175463741,"199,144","148,498","137,213","196,493",0.195021667,0.194364571,0.1916703,0.19440875,0,-1.413612829
12-Apr-17,0.198357,0.200199,0.191723,0.195553,"192,252","9,917,850",-1.413612829,"219,376","139,181","132,921","191,716",0.200417667,0.193613714,0.192472,0.1931477,0,-5.356826761
11-Apr-17,0.209023,0.211772,0.189697,0.197826,"257,457","10,451,200",-5.356826761,"187,746","126,294","123,933","184,012",0.198187,0.192066,0.1934647,0.19169065,0,10.07826649
10-Apr-17,0.188842,0.220733,0.186149,0.207874,"208,420","9,442,100",10.07826649,"120,145","110,671","109,187","179,030",0.195652,0.190234,0.1941838,0.1904565,1,-0.43125491
9-Apr-17,0.189679,0.191026,0.186312,0.188861,"97,362","9,483,950",-0.43125491,"77,878","95,869","117,497","180,323",0.189204333,0.189066714,0.1937505,0.1883095,0,0.403787687
8-Apr-17,0.189456,0.193674,0.188398,0.190221,"54,654","9,472,800",0.403787687,"72,926","96,584","158,255","178,882",0.188394,0.191440857,0.19592,0.18656135,1,0.351304885
7-Apr-17,0.187871,0.192661,0.184796,0.188531,"81,618","9,393,550",0.351304885,"88,722","104,490","186,347","179,583",0.18656,0.193554571,0.1981407,0.1849283,1,0.900052499
6-Apr-17,0.184767,0.190455,0.184234,0.18643,"82,505","9,238,350",0.900052499,"110,881","134,477","260,352","184,952",0.185383667,0.195698857,0.2013508,0.1834511,1,-0.196129283
5-Apr-17,0.185082,0.192548,0.182758,0.184719,"102,043","9,254,100",-0.196129283,"118,315","194,825","272,258","183,997",0.189808,0.199145429,0.2013504,0.1811247,0,-7.440687633
4-Apr-17,0.199874,0.202591,0.181038,0.185002,"148,096","9,993,700",-7.440687633,"118,423","228,186","265,819","179,929",0.196728333,0.203103857,0.1989169,0.1784821,0,-2.966356993
3-Apr-17,0.205808,0.205959,0.196132,0.199703,"104,805","10,290,400",-2.966356993,"105,722","324,411","255,774","173,332",0.2034,0.208193857,0.1971472,0.17566465,0,0.931310909
2-Apr-17,0.203584,0.206776,0.200261,0.20548,"102,369","10,179,200",0.931310909,"167,964","338,234","250,512","169,279",0.204679333,0.206297143,0.1938234,0.17236355,1,0.693005118
1-Apr-17,0.203606,0.206153,0.19444,0.205017,"109,993","10,180,300",0.693005118,"302,154","328,989","244,092","165,321",0.206371333,0.199854857,0.1899166,0.1689385,1,-3.184516448
31-Mar-17,0.210236,0.213953,0.196505,0.203541,"291,529","10,511,800",-3.184516448,"377,345","320,081","248,874","161,651",0.208841667,0.194467429,0.1867292,0.1657164,0,-0.89990022
30-Mar-17,0.212468,0.22193,0.206085,0.210556,"504,940","10,623,400",-0.89990022,"554,060","285,889","243,150","148,688",0.214538667,0.189170857,0.1828685,0.16264645,0,-3.726263313
29-Mar-17,0.22065,0.225506,0.205719,0.212428,"335,567","11,032,500",-3.726263313,"452,935","219,208","199,509","125,157",0.206495333,0.182864571,0.1772027,0.15869245,0,18.44296397
28-Mar-17,0.186277,0.235749,0.180596,0.220632,"821,674","9,313,850",18.44296397,"353,631","193,814","172,820","109,431",0.189147333,0.177252429,0.1717159,0.15467235,1,15.6739987
27-Mar-17,0.161165,0.191642,0.160717,0.186426,"201,563","8,058,250",15.6739987,"95,620","109,902","109,551","68,624",0.171371667,0.169295571,0.1655514,0.14945285,1,-4.11497785
26-Mar-17,0.167267,0.175043,0.158772,0.160384,"37,656","8,363,350",-4.11497785,"45,827","90,899","95,736","58,960",0.164718,0.164648714,0.160899,0.1462602,0,0.218041104
25-Mar-17,0.166941,0.167388,0.157475,0.167305,"47,641","8,347,050",0.218041104,"45,998","95,330","94,038","57,610",0.166727333,0.164245286,0.1580473,0.1444135,1,0.031848665
24-Mar-17,0.166412,0.178022,0.159289,0.166465,"52,184","8,320,600",0.031848665,"82,722","115,522","90,891","55,438",0.168673333,0.163057,0.1541821,0.1421361,1,-3.909737099
23-Mar-17,0.173183,0.176421,0.156976,0.166412,"38,169","8,659,150",-3.909737099,"143,423","117,126","88,047","53,140",0.168163,0.159262286,0.1509037,0.1398079,0,4.966323332
22-Mar-17,0.164951,0.179551,0.159475,0.173143,"157,814","8,247,550",4.966323332,"153,547","114,627","86,550","51,707",0.163991667,0.154327286,0.1479604,0.1376095,1,7.119476268
21-Mar-17,0.153972,0.167727,0.150715,0.164934,"234,287","7,698,600",7.119476268,"123,833","94,392","74,427","44,264",0.158797333,0.147971571,0.1447036,0.1349174,1,-2.252229364
20-Mar-17,0.157444,0.162542,0.149597,0.153898,"68,539","7,872,200",-2.252229364,"108,732","64,315","54,227","33,196",0.156815,0.143506857,0.1424244,0.13343055,0,-0.917500424
19-Mar-17,0.159019,0.163016,0.149322,0.15756,"68,673","7,950,950",-0.917500424,"107,024","57,837","50,805","30,752",0.152149667,0.141089857,0.1401822,0.1316078,0,13.55727612
18-Mar-17,0.140006,0.172281,0.140006,0.158987,"188,985","7,000,300",13.55727612,"91,025","53,254","46,041","27,766",0.143585333,0.138663429,0.1376288,0.1294986,1,6.53193628
17-Mar-17,0.131324,0.166127,0.122856,0.139902,"63,413","6,566,200",6.53193628,"33,420","30,867","27,696","18,738",0.133474,0.136257,0.1333543,0.12729855,1,2.40267758
16-Mar-17,0.128773,0.136685,0.125514,0.131867,"20,678","6,438,650",2.40267758,"20,198","26,711","22,184","16,035",0.131400333,0.135053286,0.1316214,0.12602975,1,-3.774149395
15-Mar-17,0.133699,0.140774,0.128158,0.128653,"16,169","6,684,950",-3.774149395,"21,037","26,762","21,182","15,870",0.133104333,0.135076,0.1307797,0.12549565,0,-2.412655308
14-Mar-17,0.136986,0.137204,0.127028,0.133681,"23,746","6,849,300",-2.412655308,"27,843","25,243","19,984","15,377",0.137078333,0.133303,0.1300901,0.1249992,0,-2.713087451
13-Mar-17,0.140799,0.140823,0.127288,0.136979,"23,196","7,039,950",-2.713087451,"30,688","23,035","18,233","14,535",0.139898667,0.131716143,0.1287121,0.1244131,0,-1.154573645
12-Mar-17,0.142217,0.14357,0.131473,0.140575,"36,588","7,110,850",-1.154573645,"34,396","21,244","16,864","14,093",0.138064333,0.129783429,0.1272586,0.1236422,0,8.172568358
11-Mar-17,0.131403,0.142793,0.129965,0.142142,"32,281","6,570,150",8.172568358,"29,212","16,616","14,101","12,812",0.135214667,0.127095143,0.1251312,0.1226872,1,-0.477643123
10-Mar-17,0.132107,0.141972,0.120088,0.131476,"34,319","6,605,350",-0.477643123,"20,297","12,895","12,164","11,414",0.126581333,0.123917857,0.1244367,0.12172535,0,13.5551236
9-Mar-17,0.116266,0.140766,0.114151,0.132026,"21,035","5,813,300",13.5551236,"11,621","9,350","10,698","10,371",0.123613667,0.122627571,0.1230334,0.1213731,1,-5.187517333
8-Mar-17,0.122602,0.128715,0.116242,0.116242,"5,536","6,130,100",-5.187517333,"8,162","7,625","9,491","10,733",0.120755,0.120809714,0.1213684,0.12090485,0,-0.717647154
7-Mar-17,0.123459,0.123531,0.116952,0.122573,"8,291","6,172,950",-0.717647154,"7,714","8,679","9,781","10,996",0.122593333,0.123517571,0.1212428,0.12139715,0,1.369660541
6-Mar-17,0.121782,0.124417,0.118414,0.12345,"10,659","6,089,100",1.369660541,"7,029","10,303","9,885","10,866",0.121702667,0.122784714,0.1204381,0.12090495,1,1.615743484
5-Mar-17,0.119821,0.12368,0.116513,0.121757,"4,192","5,991,050",1.615743484,"6,642","10,060","10,558","10,672",0.121367333,0.121631286,0.1202116,0.1205626,1,-2.203063572
4-Mar-17,0.122602,0.125583,0.117666,0.119901,"6,235","6,130,100",-2.203063572,"8,232","10,666","10,769","10,811",0.120548667,0.120664,0.1199083,0.12038905,0,2.659467436
3-Mar-17,0.119272,0.124929,0.118119,0.122444,"9,499","5,963,600",2.659467436,"10,459","11,110","10,836","10,666",0.125647333,0.119896143,0.1201141,0.1204723,1,-11.89516129
2-Mar-17,0.135408,0.135475,0.115596,0.119301,"8,963","6,770,400",-11.89516129,"13,845","12,236","11,323","10,228",0.123980333,0.119716286,0.1200258,0.12063045,0,15.1053595
1-Mar-17,0.117455,0.135197,0.113717,0.135197,"12,914","5,872,750",15.1053595,"13,844","11,856","11,524","9,910",0.122672,0.119633857,0.1202432,0.12095345,1,1.733337953
28-Feb-17,0.115442,0.118271,0.113307,0.117443,"19,659","5,772,100",1.733337953,"12,351","10,998","10,665","9,808",0.115935,0.117742714,0.119014,0.1205674,1,0.12322752
27-Feb-17,0.115234,0.118632,0.10963,0.115376,"8,960","5,761,700",0.12322752,"8,911","10,242","10,045","9,239",0.114962667,0.118331,0.1197128,0.12117365,1,0.377990974
26-Feb-17,0.114553,0.115582,0.104331,0.114986,"8,433","5,727,650",0.377990974,"11,719","10,529","11,974","9,056",0.116899,0.119202286,0.1204413,0.1220616,1,-5.243910511
25-Feb-17,0.120864,0.12166,0.110955,0.114526,"9,339","6,043,200",-5.243910511,"11,010","9,942","12,211","9,159",0.118145,0.120333571,0.1215515,0.1226517,0,1.62860713
24-Feb-17,0.119243,0.136124,0.086475,0.121185,"17,386","5,962,150",1.62860713,"10,198","10,530","11,846","8,826",0.120622667,0.121748571,0.1213718,0.1235045,1,-2.651732564
23-Feb-17,0.121958,0.122226,0.114699,0.118724,"6,304","6,097,900",-2.651732564,"9,192","12,084","10,786","8,468",0.120748,0.121959429,0.1209136,0.1242386,0,-2.052764727
22-Feb-17,0.124515,0.124515,0.115683,0.121959,"6,903","6,225,750",-2.052764727,"10,748","12,725","10,853","8,638",0.121665,0.123011429,0.1208698,0.1250156,1,0.13261944
21-Feb-17,0.1214,0.127322,0.114101,0.121561,"14,370","6,070,000",0.13261944,"9,887","12,552","10,496","8,441",0.121980333,0.121692857,0.1208305,0.1262026,1,-1.24064032
20-Feb-17,0.123001,0.127204,0.116679,0.121475,"10,971","6,150,050",-1.24064032,"9,583","11,469","9,133","7,947",0.122937,0.120984571,0.1212351,0.12748545,0,-1.298565715
19-Feb-17,0.124522,0.124827,0.117671,0.122905,"4,321","6,226,100",-1.298565715,"15,346","10,898","8,297","8,270",0.123332333,0.120529,0.1216637,0.1287625,0,1.244904435
18-Feb-17,0.122901,0.130873,0.119005,0.124431,"13,458","6,145,050",1.244904435,"17,504","10,757","8,952","8,518",0.124393333,0.120337714,0.1221208,0.13030525,1,-2.628361858
17-Feb-17,0.125972,0.130485,0.115022,0.122661,"28,259","6,298,600",-2.628361858,"14,915","8,940","8,433","8,430",0.120492667,0.120505714,0.1226345,0.1311439,0,11.84062303
16-Feb-17,0.112739,0.126088,0.112574,0.126088,"10,795","5,636,950",11.84062303,"7,758","5,275","6,137","7,370",0.118473333,0.120948571,0.1236819,0.13174455,1,-3.439148907
15-Feb-17,0.116744,0.120698,0.111437,0.112729,"5,690","5,837,200",-3.439148907,"6,485","5,286","6,107","7,292",0.115872667,0.121146857,0.1237519,0.1319573,0,-1.466972004
14-Feb-17,0.118339,0.121985,0.114384,0.116603,"6,788","5,916,950",-1.466972004,"5,698","5,654","5,807","7,392",0.118818333,0.123552429,0.1256372,0.13300145,0,-2.669299761
13-Feb-17,0.12153,0.13772,0.118105,0.118286,"6,977","6,076,500",-2.669299761,"3,683","5,442","6,150","7,374",0.121819667,0.125914143,0.1275636,0.1333821,0,-3.129258206
12-Feb-17,0.125493,0.137479,0.117401,0.121566,"3,330","6,274,650",-3.129258206,"2,226","5,945","6,422","7,382",0.124311333,0.127128714,0.1291614,0.13347845,0,-0.143892899
11-Feb-17,0.125788,0.127159,0.122483,0.125607,743,"6,289,400",-0.143892899,"4,739","5,853","6,386","7,575",0.126281333,0.128559571,0.1315747,0.13389755,0,-1.394856516
10-Feb-17,0.12754,0.13171,0.117976,0.125761,"2,605","6,377,000",-1.394856516,"7,248","7,206","6,762","7,861",0.127601667,0.130025286,0.1337358,0.13333285,0,-1.702600167
9-Feb-17,0.129684,0.132791,0.118249,0.127476,"10,870","6,484,200",-1.702600167,"8,147","8,220","8,243","8,497",0.130059667,0.13124,0.1358613,0.13286025,0,-2.758848428
8-Feb-17,0.133244,0.134031,0.121542,0.129568,"8,268","6,662,200",-2.758848428,"8,023","7,092","8,084","8,767",0.129830333,0.133843286,0.1384897,0.1323769,0,4.85382604
7-Feb-17,0.126972,0.136817,0.126972,0.133135,"5,302","6,348,600",4.85382604,"6,162","6,553","8,427","9,103",0.130501667,0.136364714,0.1396533,0.13172945,1,-3.742113774
6-Feb-17,0.131717,0.138723,0.125146,0.126788,"10,498","6,585,850",-3.742113774,"7,800","8,284","8,603","9,210",0.131412333,0.138347714,0.1398072,0.13122445,0,-3.20867416
5-Feb-17,0.135944,0.143104,0.128306,0.131582,"2,685","6,797,200",-3.20867416,"7,535","8,111","8,477","9,083",0.133904333,0.142200857,0.1401627,0.13071695,0,1.102801652
4-Feb-17,0.134385,0.147454,0.13296,0.135867,"10,217","6,719,250",1.102801652,"7,631","9,398","8,978","9,205",0.13861,0.143575429,0.1403657,0.1301203,1,-7.817370409
3-Feb-17,0.14565,0.14565,0.132985,0.134264,"9,702","7,282,500",-7.817370409,"5,724","8,948","8,599","9,042",0.142393667,0.143405,0.1392006,0.12951355,0,-1.023735446
2-Feb-17,0.147206,0.147974,0.134287,0.145699,"2,973","7,360,300",-1.023735446,"8,295","8,881","8,343","9,020",0.146644333,0.142844857,0.1377955,0.1289473,0,0.125141124
1-Feb-17,0.147034,0.150287,0.140878,0.147218,"4,496","7,351,700",0.125141124,"10,399","9,556","8,763","11,389",0.149331333,0.141118143,0.1362204,0.1277284,1,-4.356820828
31-Jan-17,0.153713,0.153791,0.144326,0.147016,"17,416","7,685,650",-4.356820828,"12,799","9,832","8,960","14,162",0.147326667,0.137832143,0.1329299,0.1265736,0,8.936073739
30-Jan-17,0.141147,0.15376,0.140489,0.15376,"9,285","7,057,350",8.936073739,"9,349","8,363","8,752","19,317",0.143212667,0.134003143,0.1298592,0.1249797,1,2.249867847
29-Jan-17,0.138097,0.14186,0.132053,0.141204,"11,695","6,904,850",2.249867847,"9,333","8,062","9,449","25,198",0.135407,0.130601429,0.1262641,0.1239849,1,3.329906241
28-Jan-17,0.130334,0.137387,0.125774,0.134674,"7,066","6,516,700",3.329906241,"7,999","7,315","9,778","29,114",0.132876333,0.126759857,0.1238056,0.12311305,1,0.345666467
27-Jan-17,0.129894,0.135296,0.128775,0.130343,"9,238","6,494,700",0.345666467,"7,786","8,497","9,817","32,212",0.129390333,0.124136286,0.1226417,0.1230098,0,7.475124478
26-Jan-17,0.124319,0.135711,0.120759,0.133612,"7,694","6,215,950",7.475124478,"7,087","9,499","9,689","34,441",0.126013667,0.122345714,0.1212712,0.12304785,1,3.330782285
25-Jan-17,0.120212,0.129256,0.115434,0.124216,"6,427","6,010,600",3.330782285,"6,914","10,540","9,431","36,790",0.124792333,0.119918143,0.1198749,0.12314085,1,-6.499233874
24-Jan-17,0.128569,0.128569,0.113295,0.120213,"7,139","6,428,450",-6.499233874,"6,927","10,688","9,484","46,779",0.121491333,0.119749429,0.1198265,0.12348355,0,13.57502447
23-Jan-17,0.114416,0.130461,0.111428,0.129948,"7,175","5,720,800",13.57502447,"9,659","10,805","9,696","51,125",0.12019,0.119238714,0.1200991,0.1243096,1,-1.713583134
22-Jan-17,0.116306,0.119379,0.109804,0.114313,"6,468","5,815,300",-1.713583134,"12,686","10,510","14,015","55,293",0.116143667,0.117767429,0.1192364,0.1248333,0,-1.395447416
21-Jan-17,0.117955,0.127853,0.114241,0.116309,"15,335","5,897,750",-1.395447416,"15,525","10,580","19,363","58,766",0.116912333,0.119113,0.1202173,0.12639975,0,1.040344437
20-Jan-17,0.116596,0.124276,0.111754,0.117809,"16,255","5,829,800",1.040344437,"12,899","9,712","29,882","61,175",0.119154333,0.120060143,0.1201002,0.12767635,1,-5.214776283
19-Jan-17,0.123035,0.123948,0.116102,0.116619,"14,984","6,151,750",-5.214776283,"10,134","14,585","40,948","63,412",0.118764,0.120561857,0.1217057,0.12902405,0,5.32375702
18-Jan-17,0.116816,0.123035,0.115687,0.123035,"7,457","5,840,800",5.32375702,"6,843","21,008","48,449","66,136",0.119774,0.121633714,0.1224205,0.13056945,1,-2.537706288
17-Jan-17,0.119675,0.122525,0.114662,0.116638,"7,960","5,983,750",-2.537706288,"6,675","37,160","54,607","70,813",0.120006333,0.120505571,0.1233779,0.1314652,0,-3.298310838
16-Jan-17,0.12373,0.123958,0.118628,0.119649,"5,112","6,186,500",-3.298310838,"7,109","54,154","59,193","76,316",0.122106667,0.122966429,0.1248245,0.13316775,0,0.673696544
15-Jan-17,0.122904,0.132022,0.117124,0.123732,"6,954","6,145,200",0.673696544,"22,194","66,280","64,148","89,324",0.122664,0.123554714,0.1264068,0.1350869,1,1.320289771
14-Jan-17,0.121337,0.12394,0.116299,0.122939,"9,262","6,066,850",1.320289771,"39,857","75,149","84,075","117,939",0.122794,0.124822857,0.1271406,0.13723015,1,-2.244049442
13-Jan-17,0.124106,0.124342,0.113803,0.121321,"50,365","6,205,300",-2.244049442,"76,944","81,514","92,553","129,459",0.120193667,0.125989286,0.1285201,0.1384226,0,7.803746841
12-Jan-17,0.115137,0.124128,0.109263,0.124122,"59,945","5,756,850",7.803746841,"102,461","82,128","96,571","133,588",0.124374667,0.128010857,0.1304302,0.13970235,1,-14.05687841
11-Jan-17,0.13397,0.13495,0.112802,0.115138,"120,522","6,698,500",-14.05687841,"112,479","103,025","98,169","139,973",0.124256333,0.129003429,0.1325822,0.1403759,0,8.163314776
10-Jan-17,0.123761,0.13955,0.123113,0.133864,"126,915","6,188,050",8.163314776,"95,316","99,243","92,468","161,191",0.13008,0.132088571,0.1352525,0.14237225,1,-6.682500188
9-Jan-17,0.13263,0.13367,0.117667,0.123767,"90,000","6,631,500",-6.682500188,"70,950","94,047","85,876","186,605",0.12916,0.133025429,0.1363424,0.1440349,0,3.338398597
8-Jan-17,0.128325,0.134773,0.127755,0.132609,"69,033","6,416,250",3.338398597,"59,172","92,036","83,823","185,801",0.133061667,0.136150429,0.1387184,0.14388995,1,-3.247850633
7-Jan-17,0.135505,0.135759,0.125106,0.131104,"53,818","6,775,250",-3.247850633,"104,903","91,247","87,019","185,115",0.132548667,0.137469286,0.1395525,0.14332885,0,3.345106685
6-Jan-17,0.131087,0.139018,0.131087,0.135472,"54,666","6,554,350",3.345106685,"118,312","92,273","93,440","184,312",0.134425333,0.139420571,0.141511,0.14253665,1,-4.186495318
5-Jan-17,0.136797,0.143977,0.126582,0.13107,"206,224","6,839,850",-4.186495318,"130,271","94,387","114,500","184,711",0.136075333,0.141142714,0.143767,0.14105515,0,-2.537528333
4-Jan-17,0.140294,0.142834,0.134433,0.136734,"94,045","7,014,700",-2.537528333,"86,837","79,354","151,803","176,875",0.140932667,0.142554143,0.1473197,0.14022325,0,-3.586116928
3-Jan-17,0.145645,0.147282,0.139653,0.140422,"90,544","7,282,250",-3.586116928,"76,659","82,780","166,365","174,078",0.142635,0.144547714,0.1483251,0.1388784,0,2.679761141
2-Jan-17,0.141841,0.147746,0.141841,0.145642,"75,921","7,092,050",2.679761141,"66,811","107,741","170,604","172,098",0.144082,0.147063429,0.1489745,0.1379077,1,-2.018471571
1-Jan-17,0.144763,0.147274,0.139742,0.141841,"63,512","7,238,150",-2.018471571,"64,659","179,645","181,777","169,844",0.144710333,0.150057,0.1481696,0.13702355,0,-1.872890202
31-Dec-16,0.147526,0.148837,0.142705,0.144763,"61,000","7,376,300",-1.872890202,"77,152","204,811","229,913","169,519",0.144413333,0.150763714,0.149492,0.13643035,0,2.735395093
30-Dec-16,0.143599,0.14807,0.136893,0.147527,"69,464","7,179,950",2.735395093,"96,162","215,087","287,334","168,568",0.146388667,0.151071286,0.1517274,0.1352989,1,-6.462359312
29-Dec-16,0.150688,0.151915,0.140106,0.14095,"100,992","7,534,400",-6.462359312,"161,430","231,970","287,779","166,946",0.149890333,0.149652143,0.1490615,0.13418895,0,-4.646527286
28-Dec-16,0.158032,0.162041,0.14599,0.150689,"118,030","7,901,600",-4.646527286,"320,849","295,382","283,212","164,635",0.158439333,0.151668571,0.1471052,0.13364495,0,-5.142857143
27-Dec-16,0.1666,0.177395,0.153932,0.158032,"265,268","8,330,000",-5.142857143,"361,396","369,264","275,184","160,287",0.157139,0.154015429,0.1435623,0.13283195,0,13.49729196
26-Dec-16,0.146785,0.182563,0.141148,0.166597,"579,250","7,339,250",13.49729196,"317,285","341,928","254,922","149,581",0.153433667,0.148706286,0.1383433,0.13180285,1,1.785553314
25-Dec-16,0.144213,0.153788,0.141296,0.146788,"239,670","7,210,650",1.785553314,"186,750","267,082","201,948","123,338",0.143765667,0.142247714,0.1331268,0.13027785,0,5.282167043
24-Dec-16,0.139545,0.151804,0.136822,0.146916,"132,934","6,977,250",5.282167043,"288,486","238,235","181,790","114,937",0.146524667,0.137743714,0.1294317,0.1300114,1,-11.26409947
23-Dec-16,0.155059,0.157925,0.131227,0.137593,"187,645","7,752,950",-11.26409947,"455,910","228,195","173,591","113,763",0.153258333,0.131876,0.1268409,0.1300241,0,-6.834854393
22-Dec-16,0.166441,0.184986,0.147481,0.155065,"544,880","8,322,050",-6.834854393,"417,999","208,462","157,911","110,453",0.147683333,0.128567286,0.1258775,0.13026665,0,38.26405666
21-Dec-16,0.120868,0.168983,0.118599,0.167117,"635,204","6,043,400",38.26405666,"254,814","136,063","109,125","86,696",0.136457333,0.122106143,0.1233687,0.12961295,1,-0.549631385
20-Dec-16,0.121536,0.124127,0.115108,0.120868,"73,913","6,076,800",-0.549631385,"55,662","52,598","49,802","58,074",0.119171667,0.115519143,0.1188704,0.1282628,0,5.315807739
19-Dec-16,0.11526,0.121812,0.106848,0.121387,"55,326","5,763,000",5.315807739,"51,907","46,445","46,113","57,549",0.114163,0.116532143,0.1193164,0.1294512,1,8.898168969
18-Dec-16,0.105842,0.117273,0.101063,0.11526,"37,746","5,292,100",8.898168969,"49,970","46,687","46,059","60,882",0.111844667,0.117759286,0.1201847,0.1308795,1,-7.517147975
17-Dec-16,0.114445,0.115568,0.10174,0.105842,"62,650","5,722,250",-7.517147975,"50,084","47,290","45,391","63,638",0.110037,0.118741286,0.1221016,0.1335162,0,4.153127816
16-Dec-16,0.109869,0.118707,0.109327,0.114432,"49,515","5,493,450",4.153127816,"46,183","43,630","44,241","62,237",0.115092333,0.121525,0.1252624,0.1368766,1,-9.23462136
15-Dec-16,0.121012,0.123902,0.109819,0.109837,"38,086","6,050,600",-9.23462136,"39,960","44,382","44,727","62,434",0.119601333,0.123759,0.1274289,0.13986205,0,-5.410771516
14-Dec-16,0.12793,0.12793,0.120364,0.121008,"50,948","6,396,500",-5.410771516,"46,271","43,379","48,084","67,970",0.126314667,0.127272143,0.1305911,0.1430959,0,-3.815537265
13-Dec-16,0.133035,0.136888,0.125618,0.127959,"30,845","6,651,750",-3.815537265,"43,277","43,408","53,935","78,067",0.12669,0.129621,0.1332073,0.14564325,0,6.466964827
12-Dec-16,0.122082,0.140238,0.122082,0.129977,"57,019","6,104,100",6.466964827,"45,338","46,770","62,994","77,468",0.125813,0.130783571,0.1346558,0.14759955,1,-2.567170847
11-Dec-16,0.125352,0.128221,0.12073,0.122134,"41,967","6,267,600",-2.567170847,"44,592","48,861","64,267","76,140",0.125844,0.132423857,0.1358572,0.1495453,0,-4.294703403
10-Dec-16,0.130952,0.132206,0.12477,0.125328,"37,027","6,547,600",-4.294703403,"40,958","58,503","66,347","74,740",0.129942333,0.136000429,0.1376552,0.1521124,0,-3.228206445
9-Dec-16,0.134409,0.136923,0.129699,0.13007,"54,783","6,720,450",-3.228206445,"45,667","70,562","68,986","73,233",0.133983,0.138445571,0.139586,0.15439595,0,-2.196467028
8-Dec-16,0.137448,0.138971,0.134429,0.134429,"31,065","6,872,400",-2.196467028,"45,531","72,699","75,706","71,543",0.135992,0.140148571,0.1415743,0.15638885,0,0.920731886
7-Dec-16,0.136196,0.142794,0.134726,0.13745,"51,152","6,809,800",0.920731886,"59,061","77,228","81,886","78,502",0.138335333,0.140960714,0.1449308,0.15827625,1,-2.060305124
6-Dec-16,0.13896,0.14181,0.135703,0.136097,"54,376","6,948,000",-2.060305124,"78,498","78,980","80,233","81,725",0.141575333,0.141987286,0.1484908,0.16006775,0,-3.945813811
5-Dec-16,0.14727,0.14727,0.138194,0.141459,"71,656","7,363,500",-3.945813811,"100,852","88,638","80,141","81,644",0.143691,0.143966714,0.1522952,0.16138935,0,3.317795063
4-Dec-16,0.142444,0.157052,0.142444,0.14717,"109,462","7,122,200",3.317795063,"100,214","91,669","87,856","80,972",0.143868333,0.147757429,0.1556007,0.16301015,1,0.321860452
3-Dec-16,0.141987,0.144054,0.136455,0.142444,"121,437","7,099,350",0.321860452,"84,649","80,977","102,198","83,566",0.141516333,0.151454571,0.1580792,0.16484095,1,1.336007251
2-Dec-16,0.140119,0.145737,0.138452,0.141991,"69,742","7,005,950",1.336007251,"65,310","71,265","91,941","79,878",0.142247,0.155982714,0.1605433,0.1662146,1,-3.050054663
1-Dec-16,0.144522,0.144846,0.138559,0.140114,"62,769","7,226,100",-3.050054663,"82,722","82,560","88,012","78,337",0.144901,0.160628857,0.1632334,0.1675498,0,-3.552209545
30-Nov-16,0.149963,0.150848,0.140499,0.144636,"63,418","7,498,150",-3.552209545,"92,757","109,719","83,133","79,813",0.154194333,0.165177571,0.1665696,0.1693554,0,-10.6683506
29-Nov-16,0.167861,0.167909,0.141612,0.149953,"121,979","8,393,050",-10.6683506,"83,157","103,354","77,480","87,985",0.163665667,0.168384571,0.1692059,0.1705372,0,-2.934599851
28-Nov-16,0.173073,0.175046,0.166608,0.167994,"92,873","8,653,650",-2.934599851,"60,316","90,280","67,380","84,441",0.171728333,0.171090143,0.1712034,0.1710325,0,-0.622509102
27-Nov-16,0.174134,0.179557,0.173007,0.17305,"34,618","8,706,700",-0.622509102,"78,961","79,009","75,118","83,022",0.173901667,0.171873286,0.1716217,0.1707125,0,-0.267456245
26-Nov-16,0.174608,0.185637,0.173892,0.174141,"53,456","8,730,400",-0.267456245,"151,714","75,047","83,217","94,491",0.173536667,0.171580286,0.1716447,0.17071435,0,1.518879833
25-Nov-16,0.171903,0.191663,0.171885,0.174514,"148,809","8,595,150",1.518879833,"140,184","70,407","83,148","94,452",0.171184667,0.170978429,0.1704835,0.1702074,1,2.963366586
24-Nov-16,0.167006,0.186579,0.165703,0.171955,"252,878","8,350,300",2.963366586,"100,734","73,472","74,089","95,275",0.169310667,0.170644571,0.1704196,0.16952155,1,-1.064642386
23-Nov-16,0.168883,0.172495,0.16694,0.167085,"18,866","8,444,150",-1.064642386,"21,100","53,860","64,935","88,798",0.169817667,0.170833857,0.1716027,0.16971965,0,-2.641318007
22-Nov-16,0.173474,0.17422,0.167397,0.168892,"30,457","8,673,700",-2.641318007,"17,107","58,703","67,814","101,145",0.171122333,0.170183,0.1718859,0.1700421,0,1.447953216
21-Nov-16,0.171,0.174966,0.169408,0.173476,"13,977","8,550,000",1.447953216,"13,947","62,669","68,661","111,730",0.171467667,0.170894857,0.1718662,0.17149455,1,0.629674747
20-Nov-16,0.169929,0.171309,0.161549,0.170999,"6,888","8,496,450",0.629674747,"66,041","83,721","76,493","131,616",0.171034667,0.172367714,0.1721412,0.17338685,1,-1.282133209
19-Nov-16,0.172135,0.17649,0.168427,0.169928,"20,977","8,606,750",-1.282133209,"102,278","89,546","98,490","177,146",0.171795,0.172213143,0.1718685,0.17624945,0,-0.629086901
18-Nov-16,0.173267,0.196769,0.16942,0.172177,"170,258","8,663,350",-0.629086901,"112,875","92,109","101,502","194,987",0.169328667,0.172037,0.1708616,0.17680435,0,6.532885757
17-Nov-16,0.162654,0.177109,0.16256,0.17328,"115,600","8,132,700",6.532885757,"75,528","80,972","90,925","222,179",0.169894667,0.172615429,0.1698033,0.1767038,1,-6.525377426
16-Nov-16,0.173875,0.177754,0.153992,0.162529,"52,767","8,693,750",-6.525377426,"90,775","96,866","105,766","243,697",0.173396667,0.1719,0.169784,0.1756174,0,-5.432305575
15-Nov-16,0.183863,0.183864,0.172835,0.173875,"58,217","9,193,150",-5.432305575,"89,073","96,628","105,757","249,535",0.175859333,0.171518571,0.1699313,0.17386225,0,7.889190887
14-Nov-16,0.170347,0.196291,0.168508,0.183786,"161,342","8,517,350",7.889190887,"82,641","97,524","116,462","271,363",0.174132667,0.169764143,0.1686235,0.17164925,1,0.721995981
13-Nov-16,0.168699,0.172853,0.163703,0.169917,"47,661","8,434,950",0.721995981,"59,626","112,190","112,661","281,595",0.171612667,0.168235714,0.1678366,0.16924555,1,-2.264155316
12-Nov-16,0.172603,0.179612,0.166288,0.168695,"38,920","8,630,150",-2.264155316,"119,358","112,907","134,475","305,342",0.171064333,0.167390714,0.1681983,0.1654378,0,4.713802713
11-Nov-16,0.168293,0.181036,0.165815,0.176226,"92,296","8,414,650",4.713802713,"123,419","130,956","154,799","308,750",0.168119,0.166262429,0.1711229,0.16113935,1,5.604297674
10-Nov-16,0.159342,0.179854,0.154536,0.168272,"226,859","7,967,100",5.604297674,"114,149","135,391","186,740","318,791",0.163241667,0.166218286,0.1746325,0.15640225,1,-1.076739336
9-Nov-16,0.161599,0.166946,0.156541,0.159859,"51,101","8,079,950",-1.076739336,"126,532","140,954","255,803","320,938",0.164846667,0.16697,0.1806304,0.1519977,0,-6.632461447
8-Nov-16,0.173073,0.173376,0.160523,0.161594,"64,487","8,653,650",-6.632461447,"127,058","168,248","288,472","332,721",0.166227667,0.172410286,0.1827471,0.14863885,0,5.568533213
7-Nov-16,0.163957,0.174019,0.143322,0.173087,"264,007","8,197,850",5.568533213,"160,650","217,850","353,433","340,920",0.165962,0.179514286,0.1836043,0.14641335,1,1.991293532
6-Nov-16,0.1608,0.16817,0.15675,0.164002,"52,679","8,040,000",1.991293532,"113,760","311,204","381,628","348,065",0.166905333,0.187394857,0.1814508,0.147631,1,-8.603794605
5-Nov-16,0.175934,0.181375,0.156657,0.160797,"165,265","8,796,700",-8.603794605,"184,800","357,649","393,313","346,081",0.170082667,0.189826857,0.1777932,0.14906825,0,1.349856545
4-Nov-16,0.173574,0.183584,0.168351,0.175917,"123,337","8,678,700",1.349856545,"210,433","436,054","426,264","338,619",0.182464,0.191165286,0.174675,0.14982345,1,-12.33974197
3-Nov-16,0.197962,0.19817,0.155788,0.173534,"265,799","9,898,100",-12.33974197,"306,554","496,429","450,529","332,482",0.194265667,0.187684571,0.1706545,0.15002185,0,-7.782581553
2-Nov-16,0.214646,0.219169,0.191732,0.197941,"242,163","10,732,300",-7.782581553,"523,783","482,676","476,210","319,308",0.212504667,0.181097714,0.1626773,0.15089585,0,-7.409127554
1-Nov-16,0.228232,0.239149,0.204285,0.211322,"411,699","11,411,600",-7.409127554,"568,993","518,763","462,701","307,266",0.206866333,0.171336857,0.1511558,0.15026915,0,25.68195584
31-Oct-16,0.18161,0.229291,0.177568,0.228251,"917,488","9,080,500",25.68195584,"669,794","512,232","450,843","287,291",0.193147667,0.160535429,0.138172,0.14900565,1,4.671978537
30-Oct-16,0.172946,0.18382,0.170264,0.181026,"377,793","8,647,300",4.671978537,"545,951","455,821","386,074","241,714",0.167581333,0.141322714,0.123365,0.14727185,1,12.51611709
29-Oct-16,0.151237,0.176248,0.151237,0.170166,"714,101","7,561,850",12.51611709,"476,529","417,147","376,969","223,385",0.149714667,0.127279857,0.1145306,0.14787595,1,18.91374454
28-Oct-16,0.127447,0.159842,0.12378,0.151552,"545,958","6,372,350",18.91374454,"403,419","357,007","328,407","189,182",0.136197667,0.114611,0.1092224,0.1486947,1,-1.683538053
27-Oct-16,0.129608,0.140409,0.124055,0.127426,"169,528","6,480,400",-1.683538053,"343,429","317,555","314,503","163,476",0.130917667,0.104415143,0.1138112,0.15137855,0,-4.484156227
26-Oct-16,0.1357,0.16963,0.121312,0.129615,"494,772","6,785,000",-4.484156227,"461,123","334,301","298,849","155,289",0.119696333,0.099451714,0.1203433,0.15514925,,
25-Oct-16,0.093621,0.322439,0.092699,0.135712,"365,986",-,44.95893015,"331,890","296,259","250,974","130,681",0.104066667,0.097661571,0.1249719,0.15767145,,
24-Oct-16,0.081,0.100103,0.076476,0.093762,"522,611",-,15.75555556,"307,602","302,106","214,435","112,475",0.085990667,0.106479857,0.1293892,0.16535545,,
23-Oct-16,0.081487,0.085211,0.076681,0.082726,"107,073",-,1.520487931,"223,329","229,303","162,407","86,370",0.081463667,0.120620571,0.1391144,0.1699595,,
22-Oct-16,0.080197,0.096001,0.080013,0.081484,"293,121",-,1.604798184,"283,221","216,295","151,831","81,062",0.084782333,0.133931286,0.1493825,0.17475885,,
21-Oct-16,0.092487,0.093918,0.072287,0.080181,"269,793",-,-13.30565377,"261,673","174,506","123,739","66,614",0.096649,0.147988571,0.1598393,0.1795486,,
20-Oct-16,0.117083,0.117172,0.085342,0.092682,"286,750",-,-20.84077108,"307,381","136,297","97,355","53,262",0.135735333,0.163821857,0.1711787,0.1856542,,
19-Oct-16,0.197446,0.205554,0.111325,0.117084,"228,476",-,-40.70074856,"216,127","95,521","69,800","39,026",0.169090333,0.177068286,0.1812213,0.19026705,,
18-Oct-16,0.192736,0.289527,0.179325,0.19744,"406,917",-,2.440644197,"145,308","64,625","49,958","28,155",0.188696,0.186920857,0.188167,0.19399975,,
17-Oct-16,0.175871,0.192747,0.175284,0.192747,"12,989",-,9.595669553,"9,868","7,344","12,449","8,127",0.182844333,0.186368714,0.1889459,0.19386765,,
16-Oct-16,0.179883,0.19069,0.175885,0.175901,"16,019",-,-2.213661102,"6,317","7,089","11,729","8,468",0.182266667,0.186420286,0.1899552,0.19412595,,
15-Oct-16,0.191007,0.191007,0.179885,0.179885,596,-,-5.822823247,"1,416","9,094","10,388","8,150",0.185435333,0.187940286,0.190371,0.19545545,,
14-Oct-16,0.1854,0.19109,0.176211,0.191014,"2,335",-,3.028047465,"5,285","13,556","10,515","8,273",0.187491,0.191560857,0.2013217,0.1964109,,
13-Oct-16,0.186072,0.186072,0.175498,0.185407,"1,318",-,-0.357388538,"6,489","14,048","10,332","9,244",0.188344667,0.193250286,0.2008046,0.19755235,,
12-Oct-16,0.193611,0.193611,0.175684,0.186052,"12,201",-,-3.904220318,"9,785","14,233","10,292","10,020",0.190911667,0.192486286,0.2001352,0.20044385,,
11-Oct-16,0.193114,0.195352,0.181615,0.193575,"5,949",-,0.238719099,"15,735","12,757","9,489","12,110",0.191074667,0.207249143,0.1992579,0.2037774,,
10-Oct-16,0.186466,0.202517,0.180081,0.193108,"11,204",-,3.562043482,"24,362","11,979","9,169","11,820",0.194959333,0.206144571,0.2001297,0.20928835,,
9-Oct-16,0.205045,0.205045,0.178857,0.186541,"30,052",-,-9.024360506,"22,556","10,509","8,252","11,319",0.198203333,0.204088143,0.1993128,0.215264,,
8-Oct-16,0.202812,0.223037,0.185864,0.205229,"31,830",-,1.191744078,"13,409","6,813","6,352","9,889",0.196042667,0.202765,0.1998325,0.22250175,,
7-Oct-16,0.179898,0.20284,0.179898,0.20284,"5,785",-,12.75278213,"3,420","2,658","3,804","13,555",0.224097,0.202345571,0.1987894,0.2314861,,
6-Oct-16,0.289361,0.291334,0.180059,0.180059,"2,612",-,-37.77357695,"1,661","2,122","5,206","14,319",0.218431333,0.199788286,0.1982967,0.2426725,,
5-Oct-16,0.185765,0.289548,0.179917,0.289392,"1,864",-,55.78392054,"1,094","3,327","5,911","14,943",0.217982667,0.201456714,0.2005399,0.25311245,,
4-Oct-16,0.178659,0.185843,0.178659,0.185843,506,-,4.021068068,"1,866","3,969","6,032","14,949",0.180611667,0.187943286,0.1915001,0.25613445,,
3-Oct-16,0.177613,0.192425,0.177613,0.178713,913,-,0.619324036,"2,613","6,726","8,155","15,131",0.186095,0.189667571,0.1943001,0.26309865,,
2-Oct-16,0.202302,0.202303,0.177092,0.177279,"4,178",-,-12.3691313,"2,986","7,975","9,749","15,252",0.188170333,0.193064429,0.2007525,0.26963845,,
1-Oct-16,0.184979,0.216455,0.184979,0.202293,"2,748",-,9.359981403,"5,277","7,817","14,731","15,099",0.19299,0.196166571,0.2082969,0.2795044,,
30-Sep-16,0.191685,0.194601,0.180176,0.184939,"2,032",-,-3.519315544,"6,479","10,531","14,472","15,005",0.190491667,0.197816571,0.218447,0.28819725,,
29-Sep-16,0.194845,0.208155,0.175516,0.191738,"11,050",-,-1.594600837,"12,403","12,647","14,386","14,944",0.194816333,0.206144857,0.2312152,0.29850035,,
28-Sep-16,0.197915,0.21275,0.184495,0.194798,"6,354",-,-1.574918526,"11,939","18,783","13,425","14,459",0.198400667,0.214857,0.245171,0.31683735,,
27-Sep-16,0.202473,0.202473,0.179976,0.197913,"19,806",-,-2.252152139,"10,846","17,897","23,306","14,886",0.199799333,0.230427857,0.2641828,0.323260474,,
26-Sep-16,0.199118,0.224506,0.193879,0.202491,"9,657",-,1.69397041,"11,491","15,235","23,431","14,612",0.205109333,0.246814714,0.2870483,0.330224222,,
25-Sep-16,0.213843,0.224547,0.192797,0.198994,"3,075",-,-6.943879388,"13,887","14,062","23,976","14,904",0.218691333,0.265215429,0.305685,0.337737941,,
24-Sep-16,0.243321,0.25485,0.213843,0.213843,"21,740",-,-12.11486062,"30,862","28,646","23,867","15,643",0.236601,0.291775714,0.3207688,0.346409438,,
23-Sep-16,0.252745,0.277371,0.241462,0.243237,"16,845",-,-3.761894399,"23,668","28,549","22,106","15,237",0.266584667,0.322165,0.3318972,0.3552472,,
22-Sep-16,0.303806,0.308768,0.252592,0.252723,"54,002",-,-16.81434863,"18,443","28,300","20,755","15,122",0.289712667,0.342968,0.3385244,0.363247929,,
21-Sep-16,0.312539,0.318675,0.303564,0.303794,156,-,-2.798050803,925,"20,869","15,466","12,131",0.315903667,0.356840714,0.3507119,0.371749846,,
20-Sep-16,0.331291,0.336507,0.309502,0.312621,"1,171",-,-5.635528885,"35,926","21,436","15,539","13,129",0.342944333,0.359888286,0.3579475,0.377412833,,
19-Sep-16,0.384877,0.384881,0.331207,0.331296,"1,448",-,-13.92159053,"42,556","21,746","15,503","14,216",0.380926667,0.359443714,0.3657855,0.383303,,
18-Sep-16,0.426591,0.427137,0.384916,0.384916,"105,159",-,-9.769310651,"47,108","21,698","15,493","15,493",0.400114,0.365629714,0.3885037,0.3885037,,
17-Sep-16,0.388924,0.427314,0.388896,0.426568,"21,060",-,9.679011838,"12,716","6,801","5,530","5,530",0.388419333,0.364377429,0.388902333,0.388902333,,
16-Sep-16,0.349726,0.389464,0.348948,0.388858,"15,105",-,11.18933108,"7,072","3,908","3,589","3,589",0.354605667,0.359296429,0.384194125,0.384194125,,
15-Sep-16,0.325188,0.365124,0.325024,0.349832,"1,982",-,7.578385426,"3,149","1,943","1,943","1,943",0.328156,0.383527857,0.383527857,0.383527857,,
14-Sep-16,0.309516,0.337779,0.306223,0.325127,"4,129",-,5.043681102,"2,861","1,937","1,937","1,937",0.336411333,0.389143833,0.389143833,0.389143833,,
13-Sep-16,0.374469,0.375092,0.301766,0.309509,"3,337",-,-17.34723034,"1,777","1,498","1,498","1,498",0.353419,0.4019472,0.4019472,0.4019472,,
12-Sep-16,0.376312,0.376671,0.360443,0.374598,"1,116",-,-0.455473118,935,"1,039","1,039","1,039",0.380583,0.42505675,0.42505675,0.42505675,,
11-Sep-16,0.390948,0.398459,0.37279,0.37615,879,-,-3.785158128,"1,013","1,013","1,013","1,013",0.441876333,0.441876333,0.441876333,0.441876333,,
10-Sep-16,0.558536,0.559143,0.37096,0.391001,811,-,-29.99538078,"1,080","1,080","1,080","1,080",0.4747395,0.4747395,0.4747395,0.4747395,,
9-Sep-16,0.181483,0.558951,0.181357,0.558478,"1,349",-,207.7302006,"1,349","1,349","1,349","1,349",0.558478,0.558478,0.558478,0.558478,,
,,,,,,,,,,,,,,,,,
,,,,,,,,,,,,,,,,,
,,,,,,,,,,,,,,,,,
,,,,,,,,,,,,,,,,,
,,,,,,,,,,,,,,,,,
,,,,,,,,,,,,,,,,,
,,,,,,,,,,,,,,,,,
,,,,,,,,,,,,,,,,,
,,,,,,,,,,,,,,,,,
,,,,,,,,,,,,,,,,,
,,,,,,,,,,,,,,,,,
,,,,,,,,,,,,,,,,,
,,,,,,,,,,,,,,,,,
,,,,,,,,,,,,,,,,,
,,,,,,,,,,,,,,,,,
,,,,,,,,,,,,,,,,,
,,,,,,,,,,,,,,,,,
,,,,,,,,,,,,,,,,,
,,,,,,,,,,,,,,,,,
,,,,,,,,,,,,,,,,,
,,,,,,,,,,,,,,,,,
,,,,,,,,,,,,,,,,,
,,,,,,,,,,,,,,,,,
,,,,,,,,,,,,,,,,,
,,,,,,,,,,,,,,,,,
,,,,,,,,,,,,,,,,,
,,,,,,,,,,,,,,,,,
,,,,,,,,,,,,,,,,,
,,,,,,,,,,,,,,,,,
,,,,,,,,,,,,,,,,,
,,,,,,,,,,,,,,,,,
,,,,,,,,,,,,,,,,,
,,,,,,,,,,,,,,,,,
,,,,,,,,,,,,,,,,,
,,,,,,,,,,,,,,,,,
,,,,,,,,,,,,,,,,,
,,,,,,,,,,,,,,,,,
,,,,,,,,,,,,,,,,,
,,,,,,,,,,,,,,,,,
,,,,,,,,,,,,,,,,,
,,,,,,,,,,,,,,,,,
,,,,,,,,,,,,,,,,,
,,,,,,,,,,,,,,,,,
,,,,,,,,,,,,,,,,,
,,,,,,,,,,,,,,,,,
,,,,,,,,,,,,,,,,,
,,,,,,,,,,,,,,,,,
,,,,,,,,,,,,,,,,,
,,,,,,,,,,,,,,,,,
,,,,,,,,,,,,,,,,,
,,,,,,,,,,,,,,,,,
,,,,,,,,,,,,,,,,,
,,,,,,,,,,,,,,,,,
,,,,,,,,,,,,,,,,,
,,,,,,,,,,,,,,,,,
,,,,,,,,,,,,,,,,,