Date,Open,High,Low,Close,Volume,Market Cap,pcnt_change,3_day_volume_avg,7_day_volume_avg,10_day_volume_avg,20_day_volume_avg,3_day_close_avg,7_day_close_avg,10_day_close_avg,20_day_close_avg,bitcoin_close,7_day_btcn_avg,10_day_btcn_avg,btcn_pcnt_chng,sp500_close,7_day_sp500_avg,10_day_sp500_avg,sp500_pcnt_chng,increase_flag,tomorrow_percent_change
20171003,36.65,36.79,32.01,33.61,74199600,1832530000,-8.519324986,87489033.33,97366428.57,84062630,56800335,35.36,32.92,30.27,24.75,4317.48,4212.964286,4089.206,-1.958789574,2534.58,2519.840077,2513.460051,0.215880731,0,-7.289497173
20171002,35.7,39.01,34.9,36.74,116098000,1785160000,2.855543113,90149700,96176285.71,78364350,54953275,35.56,31.89,28.92,24.07,4403.74,4157.048571,4020.528,1.498832602,2529.120117,2514.448661,2510.224048,0.387400355,0,-8.519324986
20171001,34.12,35.83,31.82,35.72,72169500,1705880000,4.41391406,75636466.67,91194500,69002570,51183490,32.86,30.36,27.12,23.28,4338.71,4054.062857,3943.258,4.219001842,2519.360107,2509.811488,2507.534033,0,1,2.855543113
20170930,28.59,34.24,28.45,34.21,82181600,1429500000,19.44832402,85311633.33,82594171.43,63944360,48966780,30.87,28.08,25.29,22.59,4163.07,3976.018571,3899.982,-0.2792995,2519.360107,2507.362898,2505.658032,0,1,4.41391406
20170929,30.25,30.41,26.13,28.64,72558300,1512530000,-3.76344086,112305433.3,73313485.71,57132020,47557825,30.06,26.08,23.85,22.02,4174.73,3899.965714,3876.172,-0.617520538,2519.360107,2504.914307,2504.546021,0.370510975,1,19.44832402
20170928,31.78,32.69,27.68,29.76,101195000,1589170000,-6.385655867,110075533.3,66159471.43,52921380,46289885,29.31,24.66,22.98,21.68,4200.67,3822.295714,3865.219,7.921178722,2510.060059,2502.465716,2503.275,0.120461578,0,-3.76344086
20170927,26.32,34.03,26.32,31.79,163163000,1316040000,20.50796058,103419033.3,54786957.14,45566640,46842735,28.06,22.9,22.12,21.44,3892.35,3780.192857,3803.44,-0.858874141,2507.040039,2501.114293,2502.656006,0.408514388,0,-6.385655867
20170926,26.12,27.3,24.46,26.38,65868600,1305990000,1.383551115,53020433.33,33486271.43,31119850,49384635,24.06,21.18,20.93,21.39,3926.07,3784.852857,3776.709,6.604413985,2496.840088,2501.285714,2501.975,0.007216682,1,20.50796058
20170925,19.8,27.08,19.8,26.02,81225500,989892000,31.48054573,36803166.67,28426742.86,29553990,49978520,22,20.26,20.37,21.14,3682.84,3804.728571,3747.854,-2.888935766,2496.659912,2502.687116,2502.313989,-0.222205044,1,1.383551115
20170924,20.17,20.43,19.28,19.79,11967200,1008660000,-1.932606541,17221400,20772757.14,26512610,50487360,19.55,19.57,19.64,20.97,3792.4,3790.448571,3695.065,4.453686617,2502.219971,2503.717146,2502.670996,0,1,31.48054573
20170923,18.58,20.59,18.3,20.18,17216800,929086000,7.972177635,20428133.33,21733885.71,29538040,59384850,18.77,19.58,19.23,21.08,3630.7,3766.54,3704.084,-0.009363708,2502.219971,2503.432861,2502.011011,0,0,-1.932606541
20170922,17.39,19.32,16.98,18.69,22480200,869657000,7.106017192,19375266.67,26447200,31542200,60685625,18.63,19.67,19.22,21.58,3631.04,3767.514286,3754.095,-7.038236537,2502.219971,2503.148577,2501.626025,0.06477937,1,7.972177635
20170921,19.65,19.82,16.75,17.45,21587400,982515000,-11.64556962,22032500,30494557.14,33364410,64197745,19.05,19.67,19.44,22.24,3905.95,3699.501429,3807.118,-0.484589691,2500.600098,2502.864292,2501.052026,-0.304591747,1,7.106017192
20170920,19.9,20.47,19.69,19.75,14058200,995012000,-0.952858576,24052566.67,33442285.71,33989200,66889320,20.3,19.42,19.89,22.96,3924.97,3696.164286,3828.817,-3.449522779,2508.23999,2502.152867,2499.803027,0.063434786,0,-11.64556962
20170919,20.99,21.71,19.04,19.94,30451900,1049420000,-6.03204524,25598200,36756600,37983630,68684275,20.34,19.47,20.19,23.63,4065.2,3725.57,3858.926,13.4617961,2506.649902,2500.742885,2495.122021,0.111019537,0,-0.952858576
20170918,19.91,21.38,19.54,21.22,27647600,995579000,6.847935549,32184233.33,38220942.86,39658390,72026160,20.61,19.61,20.39,24.29,3582.88,3739.294286,3875.281,-1.163021649,2503.870117,2499.290039,2490.600024,0.145592087,0,-6.03204524
20170917,20.64,20.64,18.36,19.86,18695100,1031920000,-4.335260116,39905600,38247757.14,48118830,79070480,19.79,19.71,20.75,24.91,3625.04,3816.445714,3976.981,-0.343090897,2500.22998,2497.038609,2486.356006,0,1,6.847935549
20170916,18.75,22.98,18.5,20.76,50210000,937288000,10.77908218,47747733.33,43291671.43,67649420,80205775,18.4,20.12,21.85,25.84,3637.52,3902.305714,4074.189,15.29564652,2500.22998,2491.495745,2482.843018,0,0,-4.335260116
20170915,15.81,19.12,13.32,18.74,50811700,790612000,19.43913321,43430533.33,42861600,70403050,80227755,18.16,20.29,21.91,26.81,3154.95,3986.767143,4148.09,-18.74109808,2500.22998,2485.952881,2479.374023,0.184718138,1,10.77908218
20170914,20.08,20.75,14.95,15.69,42221500,1004180000,-21.78464606,40060733.33,51638785.71,74462110,79738060,18.91,21.17,22.31,27.8,3882.59,4193.185714,4256.226,-6.008990973,2495.620117,2480.410017,2475.136035,-0.110071762,1,19.43913321
20170913,20.83,21.29,17.8,20.06,37258400,1041450000,-4.339532666,35265333.33,76178714.29,89231660,80015595,20.97,23.32,22.93,29.03,4130.81,4295.261429,4326.263,-0.731988071,2498.370117,2476.050014,2473.229028,0.075712083,0,-21.78464606
20170912,21.87,23.6,19.86,20.97,40702300,1093590000,-4.15904936,40846700,81962700,89829050,81346450,21.87,23.51,23.95,30.13,4161.27,4330.364286,4371.059,0.929676396,2496.47998,2471.360003,2471.047022,0.336394799,0,-4.339532666
20170911,22.68,23.97,21.7,21.88,27835300,1133790000,-3.824175824,43012433.33,89205557.14,95031080,85899485,22.2,23.77,25.03,31.08,4122.94,4341.084286,4444.133,-2.440097869,2488.110107,2465.841448,2469.054029,1.0839299,0,-4.15904936
20170910,21.76,23.64,19.37,22.75,54002500,1088180000,3.597449909,71151333.33,112360085.7,99789440,87920985,23.19,23.76,26.04,31.78,4226.06,4406.801429,4502.178,-0.063612179,2461.429932,2464.190011,2467.898023,0,0,-3.824175824
20170909,24.63,24.63,21.55,21.96,47199500,1231580000,-11.66532582,124484166.7,110821485.7,99384920,89518610,25.87,24.84,27.08,32.41,4228.75,4457.188571,4536.102,-8.068253954,2461.429932,2466.350028,2468.92002,0,1,3.597449909
20170908,30.59,30.59,22.41,24.86,112252000,1529630000,-19.23326836,134666433.3,117324785.7,104393930,91451745,25.67,26.24,28.19,33.22,4599.88,4551.94,4571.129,0.060037589,2461.429932,2468.510045,2468.536035,-0.14888507,0,-11.66532582
20170907,21.3,33.55,20.54,30.78,214001000,1065110000,44.1011236,127716533.3,112062914.3,110022130,94257045,24.98,27.26,29.07,33.98,4597.12,4566.727143,4549.407,5.04029448,2465.100098,2470.670062,2467.023047,-0.017843596,0,-19.23326836
20170906,22.97,24.32,20.3,21.36,77746300,1148320000,-6.315789474,119688533.3,88628100,92762130,94049245,22,27.6,29.84,34.38,4376.53,4562.181429,4527.983,3.30995607,2465.540039,2471.605748,2464.937036,0.312872661,1,44.1011236
20170905,21.88,23.85,18.93,22.8,91402300,1093860000,4.443426477,108183866.7,91420000,90052460,99732430,24.98,29.28,31.71,35.35,4236.31,4591.108571,4525.57,-7.56388884,2457.850098,2470.470041,2462.688037,-0.755080682,0,-6.315789474
20170904,30.44,30.44,17.4,21.83,189917000,1522090000,-28.00131926,108623966.7,102438814.3,85014010,103675965,27.96,30.83,33.29,36.48,4582.96,4612.015714,4539.099,0.091509292,2476.550049,2468.820034,2461.208032,0,1,4.443426477
20170903,31.77,32.65,28.58,30.32,43232300,1588690000,-4.413619168,70457933.33,81222242.86,70799530,107320165,31.35,33.2,35.14,37.77,4578.77,4583.432857,4514.271,-6.403094025,2476.550049,2464.204311,2457.858032,0,0,-28.00131926
20170902,31.69,34.81,28.55,31.72,92722600,1584390000,-0.905966885,72699600,82281857.14,72863850,122343800,32.3,34.6,36.31,38.62,4892.01,4551.094286,4471.546,4.010298955,2476.550049,2459.418597,2454.100025,0,0,-4.413619168
20170901,33.17,33.57,28.87,32.01,75418900,1658680000,-3.468033776,74221933.33,74895457.14,76767890,140140370,32.76,35.58,37.14,39.37,4703.39,4476.75,4392.397,3.024773837,2476.550049,2454.632882,2450.849024,0.198254089,0,-0.905966885
20170831,32.93,35.09,32.6,33.16,49957300,1646720000,0.181268882,105260300,70945928.57,76052530,145258025,33.31,36.76,37.53,39.6,4565.3,4424.077143,4322.232,-0.299627431,2471.649902,2449.847168,2448.44502,0.572097604,0,-3.468033776
20170830,33.48,35.84,29.71,33.1,97289600,1673910000,-1.663695781,102408200,72934242.86,79652300,161863660,35.07,38.03,37.74,39.62,4579.02,4364.965714,4274.468,4.480384059,2457.590088,2445.178606,2444.117041,0.461514891,1,0.181268882
20170829,38.46,38.46,30.69,33.66,168534000,1922840000,-12.45773732,86861533.33,77859014.29,78509560,175005430,37.4,39.02,38.25,39.77,4382.66,4296.608571,4235.936,-0.005019531,2446.300049,2443.242885,2440.913037,0.08428219,0,-1.663695781
20170828,40.23,40.31,37.38,38.45,41401000,2011600000,-4.09079571,44356133.33,63534914.29,78491960,172418480,39.04,39.33,38.88,39.17,4382.88,4242.191429,4213.732,0.700303281,2444.23999,2444.130022,2438.838037,0.048707189,0,-12.45773732
20170827,38.58,41.23,37.42,40.09,50649600,1928770000,3.887017362,46479866.67,69899771.43,95336360,176577880,39.66,38.88,38.92,38.17,4352.4,4200.017143,4208.613,-0.439198463,2443.050049,2441.862898,2436.969043,0,0,-4.09079571
20170826,40.31,40.52,37.7,38.59,41017800,2015360000,-4.243176179,50888500,74930142.86,109412400,182371100,40.31,38.61,38.98,37.09,4371.6,4177.345714,4211.036,0.851735307,2443.050049,2439.362898,2435.665039,0,1,3.887017362
20170825,41.96,42.26,39.78,40.3,47772200,2098230000,-4.161712247,81136900,93121600,122337920,184392750,40.78,38.81,39.67,35.93,4334.68,4147.205714,4192.069,4.411878059,2443.050049,2436.862898,2438.171045,0.16728693,0,-4.243176179
20170824,39.92,42.13,39.31,42.05,63875500,1996230000,5.125,87967933.33,116274857.1,143840800,186138160,39.3,38.6,40.39,34.61,4151.52,4146.778571,4191.114,1.243744696,2438.969971,2434.362898,2440.327051,-0.207446192,0,-4.161712247
20170823,35.83,44.03,35.25,40,131763000,1791670000,11.57601116,95327766.67,134494071.4,171823750,185758660,37.05,38.41,40.93,33.03,4100.52,4178.937143,4183.288,2.468426235,2444.040039,2433.082903,2443.014063,-0.345359284,1,5.125
20170822,35.16,36.17,31.6,35.85,68265300,1758180000,1.558073654,80027500,139995500,203512850,181662950,36.45,39.2,41.6,31.56,4001.74,4190.567143,4161.707,-2.101936071,2452.51001,2436.521484,2442.742065,0.994077996,1,11.57601116
20170821,38.04,38.28,34.15,35.3,85955000,1902060000,-7.567426028,113391733.3,167786314.3,214463520,179127635,37.82,40.86,41.67,30.18,4087.66,4236.765714,4126.595,-2.528554737,2428.370117,2438.25007,2441.623071,0.116265092,1,1.558073654
20170820,39.63,40.65,38.16,38.19,85862200,1981640000,-4.453340005,154688400,204607742.9,244075020,175756280,39,42.59,41.49,28.81,4193.7,4234.708571,4055.957,0.795073811,2425.550049,2443.602923,2442.918066,0,0,-7.567426028
20170819,38.86,42.22,35.4,39.97,168358000,1943180000,2.882882883,189871000,256435142.9,271501300,172006000,39.84,43.8,41.29,27.26,4160.62,4190.567143,3970.834,-3.949266914,2425.550049,2445.855783,2444.184058,0,0,-4.453340005
20170818,40.85,41.16,31.32,38.85,209845000,2042450000,-4.521995576,190509333.3,257780000,266345000,164038402,41.69,43.32,39.47,25.62,4331.69,4117.71,3896.766,-1.026817437,2425.550049,2448.108642,2449.031055,-0.183536734,1,2.882882883
20170817,45.72,46.34,38.91,40.69,191410000,2286130000,-10.64997804,208161333.3,282383571.4,257819400,154072072,44.57,42.56,37.41,24.04,4376.63,3981.937143,3801.491,4.655745075,2430.01001,2450.361502,2453.968042,-1.54369519,0,-4.521995576
20170816,46.98,51.24,44.69,45.54,170273000,2349050000,-4.106127606,258926333.3,306485714.3,255329800,145287862,46.82,41.91,35.21,22.36,4181.93,3834.2,3685.222,-3.310883141,2468.110107,2451.532924,2459.058032,0.142010292,0,-10.64997804
20170815,47.5,47.99,39.52,47.49,262801000,2375010000,0.126502214,351720000,298846000,246447580,137536767,47.19,38.52,32.18,20.47,4325.13,3725.344286,3592.32,6.183499212,2464.610107,2452.377197,2459.930029,-0.04988081,0,-4.106127606
20170814,47.63,52.02,44.79,47.43,343705000,2381360000,1.672025723,323377000,279101428.6,228435520,125234997,43.56,34.34,28.83,18.45,4073.26,3590.174286,3449.396,4.853644159,2465.840088,2453.850028,2461.152026,1.004375474,1,0.126502214
20170813,36.86,52.63,35.32,46.65,448654000,1843040000,27.42420104,336165333.3,253788428.6,199693570,109023767,38.92,30.23,25.13,16.45,3884.71,3467.414286,3322.543,6.412335439,2441.320068,2456.00286,2462.251025,0,1,1.672025723
20170812,33.16,37.37,30.45,36.61,177772000,1657810000,9.28358209,306655666.7,201330828.6,159813050,87655252,35.43,25.74,21.53,14.54,3650.62,3377.157143,3205.139,7.965622486,2441.320068,2461.075718,2465.33501,0,1,27.42420104
20170811,36.32,39.13,27.58,33.5,382070000,1815780000,-7.407407407,286330000,187746314.3,143791750,80262407,30.48,22.52,18.68,13.14,3381.28,3269.338571,3111.903,1.161117377,2441.320068,2466.148577,2468.96001,0.12755698,1,9.28358209
20170810,21.68,38.44,21.36,36.18,360125000,1084180000,66.34482759,200503000,141205671.4,107437540,62803447,25.4,19.22,16.12,11.9,3342.47,3186.974286,3061.309,-2.265244419,2438.209961,2471.221436,2472.463013,-1.447444188,0,-7.407407407
20170809,18.34,21.94,17.46,21.75,116795000,917009000,19.04761905,135966000,96880500,72510700,45862097,19.57,15.58,13.23,10.46,3419.94,3096.717143,3002.78,1.213398285,2474.02002,2476.071429,2475.672022,-0.036360853,1,66.34482759
20170808,18.73,19.34,15.59,18.27,124589000,936705000,-2.194860814,124184600,82703928.57,61731803,41296152,17.39,13.63,11.77,9.73,3378.94,2996.477143,2933.431,5.133885511,2474.919922,2476.578578,2475.480029,-0.241443269,1,19.04761905
20170807,15.2,20.24,14.36,18.68,166514000,759959000,22.8139382,110215066.7,67552342.86,50324743,35779477,15.97,12.14,10.67,9.11,3213.94,2924.534286,2876.438,-1.198004249,2480.909912,2476.782889,2475.198047,0.16471998,0,-2.194860814
20170806,14.17,16.19,13.42,15.21,81450800,708471000,8.487874465,73472233.33,45315571.43,35245923,28358862,13.22,10.52,9.51,8.48,3252.91,2859.282857,2822.222,12.32850695,2476.830078,2475.267194,2474.317066,0,1,22.8139382
20170805,10.39,14.95,10.24,14.02,82680400,519506000,34.41994247,62938233.33,34966318.57,28625953,25036972,11.71,9.37,8.76,8.01,2895.89,2784.074286,2749.876,3.250223729,2476.830078,2474.591483,2474.17605,0,1,8.487874465
20170804,10.84,11.22,9.97,10.43,56285500,541832000,-2.249297095,41231100,24657461.43,22034473,21377873,9.74,8.4,8.08,7.56,2804.73,2771.662857,2717.935,3.469990814,2476.830078,2473.915772,2474.27605,0.188910352,1,34.41994247
20170803,8.19,10.7,8.06,10.67,49848800,409434000,31.56596794,28645233.33,18863218.57,18353963,19128308,8.88,7.92,7.77,7.29,2710.67,2752.67,2712.948,-0.279222738,2472.159912,2473.24006,2474.30603,-0.218365409,0,-2.249297095
20170802,7.85,8.3,7.71,8.11,17559000,392732000,3.180661578,15647833.33,13920690,15497453,17253418,7.77,7.5,7.55,7.03,2718.26,2726.781429,2714.921,-5.463006114,2477.570068,2473.705776,2474.08103,0.049264843,1,31.56596794
20170801,7.36,8.2,6.96,7.86,18527900,368123000,7.230559345,12796843.33,13807347.14,16733063,17266668,7.45,7.37,7.6,6.94,2875.34,2706.527143,2724.107,4.285538122,2476.350098,2473.74292,2473.578028,0.244911504,1,3.180661578
20170731,7.16,7.43,7.02,7.33,10856600,358222000,2.517482517,10127010,13943418.57,18169353,17507138,7.25,7.3,7.67,6.88,2757.18,2689.315714,2703.349,1.127106677,2470.300049,2473.854318,2473.197022,-0.072814568,1,7.230559345
20170730,7.27,7.3,6.94,7.15,9006030,363345000,-1.515151515,11750076.67,15433004.29,19213493,17973453,7.17,7.46,7.68,6.78,2726.45,2685.49,2709.391,-2.93911378,2472.100098,2473.798584,2473.421021,0,1,2.517482517
20170729,7.09,7.46,6.76,7.26,10518400,354258000,2.3977433,13831766.67,18420014.29,20860500,18092916,7.36,7.66,7.69,6.73,2809.01,2697.442857,2664.089,5.13627619,2472.100098,2473.861433,2473.556006,0,0,-1.515151515
20170728,7.75,7.88,6.93,7.09,15725800,387410000,-8.160621762,15914166.67,21616071.43,21234210,18088121,7.33,7.85,7.55,6.71,2671.78,2677.264286,2615.076,5.626914942,2472.100098,2473.924282,2473.729004,-0.134111549,1,2.3977433
20170727,7.22,7.94,7.13,7.72,15251100,360772000,7.670850767,17165700,22412100,21471800,18508756,7.41,7.9,7.44,6.73,2529.45,2698.095714,2570.739,-1.825358629,2475.419922,2473.98713,2472.580005,-0.097268817,0,-8.160621762
20170726,7.33,7.59,6.58,7.17,16765600,366562000,-2.448979592,19176566.67,23872814.29,21447990,18566676,7.66,7.83,7.25,6.68,2576.48,2661.521429,2510.776,-6.475102183,2477.830078,2473.705706,2470.952002,0.028266382,1,7.670850767
20170725,8.48,8.48,6.88,7.35,19480400,423876000,-13.12056738,23559733.33,23514228.57,20721272,18625021,8.13,7.64,7.03,6.71,2754.86,2624.721429,2453.014,0.895839437,2477.129883,2473.134277,2469.095996,0.29231718,0,-2.448979592
20170724,8.61,8.81,8.19,8.46,21283700,430471000,-1.283547258,28029866.67,23317271.43,19902652,19119406,8.55,7.45,6.8,6.75,2730.4,2549.514286,2400.862,-2.836889528,2469.909912,2470.774309,2467.31001,-0.106373485,0,-13.12056738
20170723,8.64,8.93,7.76,8.57,29915100,431881000,-0.580046404,28034633.33,22421457.14,19009382,18844301,8.2,7.07,6.51,6.71,2810.12,2435.145714,2363.612,5.336312112,2472.540039,2469.235735,2466.246021,0,0,-1.283547258
20170722,7.39,9.12,7.31,8.62,32890800,369727000,16.17250674,26554966.67,19504788.57,17800272,18789566,7.75,6.57,6.28,6.69,2667.76,2319.251429,2322.484,-5.318001136,2472.540039,2467.340018,2463.775025,0,0,-0.580046404
20170721,7.24,7.97,7.03,7.42,21298000,361826000,2.912621359,20343200,16419560,16844922,19518961,6.84,6.05,6.08,6.67,2817.6,2257.191429,2289.487,23.93607896,2472.540039,2465.444301,2460.846021,-0.03678716,1,16.17250674
20170720,5.89,7.47,5.89,7.21,25476100,294317000,22.61904762,19277766.67,15141417.14,16733412,20110481,6.37,5.78,5.88,6.69,2273.43,2191.52,2244.983,-1.95999793,2473.449951,2463.548584,2456.14502,-0.01536593,1,2.912621359
20170719,6.04,6.23,5.65,5.88,14255500,301935000,-2.325581395,15790066.67,14048260,15325332,21004451,5.89,5.65,5.76,6.77,2318.88,2209.435714,2269.484,4.059845361,2473.830078,2459.888602,2451.543018,0.537263948,1,22.61904762
20170718,5.77,6.29,5.51,6.02,18101700,288470000,4.332755633,14204373.33,15345660,14942032,24144176,5.61,5.76,5.87,6.96,2228.41,2212.137143,2294.73,15.47242748,2460.610107,2455.52002,2446.678003,0.0597857,0,-2.325581395
20170717,5.06,5.85,5.03,5.77,15013000,253054000,14.48412698,11935206.67,15642974.29,15545712,26888206,5.28,5.67,6.01,7.08,1929.82,2232.73,2323.755,-3.453968762,2459.139893,2450.50858,2443.134986,-0.005291286,1,4.332755633
20170716,5.03,5.27,4.83,5.04,9498420,251399000,0.198807157,11047873.33,15126160,15685362,29689041,5.2,5.71,6.11,7.14,1998.86,2316.818571,2391.629,-10.49907314,2459.27002,2445.978586,2439.73899,0,1,14.48412698
20170715,5.55,5.55,4.98,5.03,11294200,277400000,-9.205776173,13823066.67,15258171.43,16528770,30594915,5.62,5.97,6.39,7.16,2233.34,2398.601429,2451.942,-5.28266678,2459.27002,2441.108573,2434.786988,0,1,0.198807157
20170714,6.27,6.29,5.42,5.54,12351000,313433000,-11.92368839,17837433.33,17093071.43,18336160,31274750,6.15,6.32,6.69,7.21,2357.9,2439.361429,2488.772,-1.706658218,2459.27002,2436.23856,2432.113989,0.467350332,0,-9.205776173
20170713,6.68,6.95,5.91,6.29,17824000,334240000,-5.128205128,20448066.67,17672857.14,18679220,32325175,6.11,6.5,6.91,7.24,2398.84,2475.17,2509.388,2.61144072,2447.830078,2431.368548,2429.087988,0.187458426,0,-11.92368839
20170712,5.31,6.69,5.07,6.63,23337300,265564000,22.77777778,18305166.67,17688357.14,19778860,34785640,6.02,6.72,7.11,7.27,2337.79,2504.191429,2520.151,-1.465505614,2443.25,2425.928537,2427.205982,0.730560776,0,-5.128205128
20170711,5.93,6.11,4.83,5.4,20182900,296309000,-10.44776119,14000233.33,18549900,22193000,39381225,6.11,6.92,7.25,7.29,2372.56,2541.884286,2529.827,-5.792474707,2425.530029,2424.398542,2425.221973,-0.078268088,1,22.77777778
20170710,6.91,6.96,5.58,6.03,11395300,345719000,-12.60869565,15318766.67,17921142.86,23487550,42790800,6.79,7.26,7.51,7.52,2518.44,2569.241429,2540.655,-2.057293085,2427.429932,2424.895682,2425.009961,0.092776621,0,-10.44776119
20170709,7.4,7.62,6.87,6.9,10422500,370072000,-7.382550336,16990166.67,20410442.86,26683570,48554085,7.04,7.57,7.78,7.62,2571.34,2567.531429,2542.743,2.091588384,2425.179932,2425.121408,2424.607959,0,0,-12.60869565
20170708,6.79,7.63,5.91,7.45,24138500,339382000,10.04431315,19493500,25704185.71,33346320,62100010,7.35,7.74,8.06,7.86,2518.66,2547.99,2543.088,-3.446345877,2425.179932,2424.868548,2424.059961,0,0,-7.382550336
20170707,7.83,7.89,6.74,6.77,16409500,391569000,-13.64795918,21236700,26988457.14,38230700,63962135,7.55,7.81,8.16,7.75,2608.56,2542.587143,2546.467,0.252499049,2425.179932,2424.615688,2425.610962,0.640312564,1,10.04431315
20170706,7.98,8.34,7.69,7.84,17932500,399093000,-2.366127024,21027400,30837885.71,43692720,67271710,7.88,8.09,8.16,7.6,2601.99,2532.695714,2533.456,0.013453053,2409.75,2424.362828,2425.030957,-0.93688238,0,-13.64795918
20170705,7.77,8.66,7.23,8.03,29368100,388453000,3.213367609,24656700,39283242.86,44661060,68664195,8.01,8.37,7.93,7.35,2601.64,2528.81,2532.198,1.46564433,2432.540039,2425.784249,2427.962964,0.14532789,0,-2.366127024
20170704,8.22,8.49,7.77,7.78,15781600,410831000,-5.352798054,30693566.67,45513842.86,44213340,67673337,8.03,8.42,7.72,7.04,2564.06,2521.782857,2532.906,2.297653672,2429.01001,2426.948521,2428.538965,0,1,3.213367609
20170703,8.06,8.48,7.52,8.22,28820400,402786000,1.481481481,36475833.33,53406428.57,45971130,67409117,8.09,8.28,7.58,6.74,2506.47,2509.552857,2550.991,2.954139369,2429.01001,2425.572789,2429.467969,0.231083399,0,-5.352798054
20170702,7.96,8.51,6.75,8.1,47478700,397988000,1.886792453,41320866.67,53234357.14,49792420,66490922,8.26,7.9,7.44,6.42,2434.55,2521.401429,2570.885,-1.86590026,2423.409912,2427.00994,2430.396973,0,1,1.481481481
20170701,8.77,9.24,7.74,7.95,33128400,438293000,-8.934707904,51177966.67,50007528.57,56569450,64491612,8.82,7.59,7.32,6.09,2480.84,2546.282857,2596.34,-2.30297875,2423.409912,2429.137102,2431.505981,0,1,1.886792453
20170630,9.72,10,8.6,8.73,43355500,485988000,-10.64483112,64462600,50040542.86,62094050,63159162,8.96,7.36,7.54,5.77,2539.32,2584.007143,2620.435,-1.377588075,2423.409912,2431.264265,2432.726001,0.153323184,0,-8.934707904
20170629,8.34,10.07,7.91,9.77,77050000,416970000,16.58711217,73687333.33,53423085.71,70424600,61856152,8.33,7.09,7.47,5.42,2574.79,2607.734286,2625.463,0.875237517,2419.699951,2433.391427,2434.088013,-0.860002315,0,-10.64483112
20170628,6.96,8.69,6.49,8.38,72982300,347826000,22.69399707,57209300,58880085.71,90853700,58490053,6.91,6.68,7.66,5.01,2552.45,2624.064286,2622.813,2.985737053,2440.689941,2435.50572,2437.464014,0.880806613,1,16.58711217
20170627,5.35,7.26,5.09,6.83,71029700,267538000,23.50813743,41178833.33,61078957.14,89693570,55196853,6.1,6.93,7.35,4.66,2478.45,2648.255714,2633.156,-4.285146037,2419.379883,2434.780029,2436.71001,-0.807282466,1,22.69399707
20170626,5.95,6.22,4.42,5.53,27615900,297587000,-7.058823529,28622100,69026285.71,90850700,51795093,5.93,7.1,7.05,4.38,2589.41,2664.134286,2637.167,-0.740209758,2439.070068,2437.301479,2438.087012,0.031580158,1,23.50813743
20170625,6.29,6.46,5.66,5.95,24890900,314543000,-5.555555556,41761233.33,105272728.6,92667330,50676007,6.36,7.99,6.77,4.17,2608.72,2658.26,2624.684,-4.961547009,2438.300049,2439.357178,2437.494995,0,0,-7.058823529
20170624,6.87,7.11,6.25,6.3,33359500,343738000,-7.894736842,71880600,110485600,91133334,49625308,6.69,7.89,6.35,3.94,2744.91,2664.997143,2614.449,1.46003748,2438.300049,2438.621442,2436.910986,0,0,-5.555555556
20170623,6.92,7.43,5.78,6.84,67033300,346025000,-1.44092219,90218900,117520100,88847104,48085944,7.98,7.52,5.9,3.69,2705.41,2632.661429,2611.66,0.606522628,2438.300049,2437.885707,2436.872974,0.156091559,0,-7.894736842
20170622,10.16,10.51,6.9,6.94,115249000,507921000,-31.62561576,110094800,114484228.6,83189424,44936766,8.36,6.94,5.39,3.41,2689.1,2598.257143,2607.082,-1.20104784,2434.5,2437.149972,2437.077978,-0.04557819,0,-1.44092219
20170621,8.04,10.21,7.81,10.15,88374400,401956000,26.875,165458800,99384505.71,72413773,39532210,9.96,6.21,4.85,3.13,2721.79,2572.152857,2633.983,5.104649367,2435.610107,2436.858538,2436.566968,-0.058264444,0,-31.62561576
20170620,11.79,11.79,7.87,8,126661000,589390000,-31.74061433,156461000,88259191.43,64224274,35516586,8.33,5,4,2.68,2589.6,2571.471429,2656.575,1.621087082,2437.030029,2437.188511,2436.182959,-0.669663751,1,26.875
20170619,5.46,11.81,5.46,11.72,281341000,273011000,122.8136882,141774333.3,71658548.57,53287704,29333587,6.91,4.12,3.37,2.33,2548.29,2581.475714,2679.996,-4.051011341,2453.459961,2437.662807,2435.656958,0.834722883,0,-31.74061433
20170618,3.79,5.26,3.47,5.26,61381000,189717000,39.89361702,63254733.33,32537332.86,26126406,15536223,3.93,2.66,2.35,1.8,2655.88,2640.021429,2705.729,5.452321962,2433.149902,2434.224226,2433.487964,0,1,122.8136882
20170617,2.8,4.18,2.7,3.76,82601000,139894000,35.7400722,45978046.67,24694248.57,20700135,12575723,2.77,2.15,1.96,1.58,2518.56,2681.711429,2713.357,2.190231196,2433.149902,2434.0271,2433.551978,0,1,39.89361702
20170616,1.8,2.81,1.72,2.77,45782200,90202000,55.61797753,21943446.67,15364862.86,12739486,8702365,2.1,1.85,1.72,1.44,2464.58,2725.318571,2747.821,-1.667351588,2433.149902,2433.829974,2433.550977,0.02836392,1,35.7400722
20170615,1.74,1.84,1.54,1.78,9550940,86947000,2.298850575,10168213.33,10214265.71,8684683,6764551,1.78,1.68,1.57,1.35,2506.37,2774.038571,2770.044,-7.752979367,2432.459961,2433.632848,2433.168994,-0.223959817,1,55.61797753
20170614,1.81,1.94,1.68,1.74,10497200,90657000,-3.867403315,9482063.33,9866744.29,8117281,6629401,1.69,1.62,1.52,1.3,2717.02,2806.294286,2770.588,2.157818945,2437.919922,2433.822859,2433.533008,-0.099583089,1,2.298850575
20170613,1.5,1.86,1.5,1.81,10456500,75221500,19.86754967,8142800,8794931.43,7324783,6727441,1.66,1.55,1.47,1.27,2659.63,2827.177143,2750.421,-10.09022653,2440.350098,2433.139998,2433.648023,0.451150514,0,-3.867403315
20170612,1.67,1.69,1.4,1.51,7492490,83716000,-9.580838323,10422400,8048884.29,6684107,7349636,1.62,1.48,1.42,1.27,2958.11,2831.06,2733.313,0.352816254,2429.389893,2431.565709,2433.52002,-0.09787632,1,19.86754967
20170611,1.69,1.73,1.52,1.67,6479410,84426000,-0.595238095,11167576.67,7532374.29,6650647,7167949,1.63,1.45,1.4,1.24,2947.71,2767.302857,2678.29,4.387688973,2431.77002,2432.52431,2434.488037,0,0,-9.580838323
20170610,1.54,2.07,1.53,1.68,17295300,77129000,8.387096774,11380536.67,6974204.29,6808898,6960544,1.53,1.39,1.36,1.19,2823.81,2705.537143,2612.16,0.648341543,2431.77002,2433.567174,2434.317041,0,0,-0.595238095
20170609,1.36,1.59,1.33,1.55,9728020,67874000,13.97058824,6613606.67,5081981.43,5379470,6226875,1.4,1.33,1.3,1.14,2805.62,2657.642857,2547.326,2.688715156,2431.77002,2434.610038,2432.320044,-0.082998902,1,8.387096774
20170608,1.27,1.36,1.19,1.36,7118290,63677000,6.25,5115656.67,4714820,4946040,5814283,1.33,1.3,1.24,1.1,2732.16,2600.822857,2492.325,-4.576697402,2433.790039,2435.652902,2430.434033,0.026720453,1,13.97058824
20170607,1.34,1.36,1.27,1.28,2994510,66929500,-4.47761194,4035200,4849624.29,4451311,5552598,1.3,1.29,1.2,1.06,2863.2,2537.144286,2434.689,6.565034372,2433.139893,2435.120047,2428.637036,0.156825745,1,6.25
20170606,1.28,1.37,1.2,1.34,5234170,63757000,4.6875,3894436.67,4850554.29,4665243,5462950,1.29,1.25,1.17,1.02,2686.81,2438.897143,2352.256,6.967087479,2429.330078,2432.071498,2426.905054,-0.277904016,0,-4.47761194
20170605,1.27,1.35,1.25,1.28,3876920,63267500,1.587301587,3499626.67,4873347.14,4844418,5267675,1.27,1.21,1.13,0.98,2511.81,2377.297143,2303.817,-0.140735882,2436.100098,2429.72576,2425.554053,-0.12176649,1,4.6875
20170604,1.25,1.32,1.22,1.26,2572220,62425500,0,4593283.33,4629644.29,5141520,5105689,1.29,1.16,1.09,0.94,2515.35,2326.438571,2283.134,1.07693235,2439.070068,2426.828613,2423.52605,0,1,1.587301587
20170603,1.36,1.36,1.15,1.26,4049740,68122000,-6.666666667,6423183.33,4995588.57,6130098,5021939,1.28,1.11,1.07,0.9,2488.55,2258.37,2275.963,3.350250012,2439.070068,2423.507185,2421.12605,0,0,0
20170602,1.25,1.4,1.18,1.35,7157890,62290500,8.870967742,6073610,5420757.14,8015164,4844536,1.21,1.07,1.12,0.86,2407.88,2217.494286,2259.15,5.312695448,2439.070068,2420.185756,2417.658032,0.370773099,0,-6.666666667
20170601,1.03,1.3,1.01,1.24,8061920,51383000,20.38834951,5485553.33,5376478.57,7685251,4517487,1.1,1,1.07,0.82,2286.41,2202.794286,2235.702,5.099587675,2430.060059,2416.864327,2413.593018,0.757111271,1,8.870967742
20170531,1.02,1.08,0.966531,1.03,3001020,51167000,0.980392157,3521913.33,6004490,7112189,4141793,1.01,0.98,1.02,0.78,2175.47,2225.255714,2211.181,-3.552919166,2411.800049,2414.7229,2409.989014,-0.045996869,1,20.38834951
20170530,0.975403,1.13,0.970573,1.02,5393720,48770200,5.506508821,4232850,8847258.57,7074280,4039399,0.97,1.09,0.99,0.75,2255.61,2245.962857,2202.107,4.629835792,2412.909912,2413.664306,2406.982007,-0.120462448,1,0.980392157
20170529,0.921727,0.974728,0.873447,0.966765,2171000,46086400,3.941378725,4776916.67,8627978.57,6682525,3811875,0.96,1.06,0.95,0.73,2155.8,2234.218571,2175.317,5.735039507,2415.820068,2411.594308,2403.864014,0,1,5.506508821
20170528,0.989557,1.07,0.814832,0.930106,5133830,49477900,-5.318074654,6335896.67,8650878.57,6653885,3757148,0.91,1.03,0.92,0.7,2038.87,2217.847143,2148.602,-7.425922394,2415.820068,2408.480015,2400.455005,0,1,3.941378725
20170527,0.806824,1.03,0.598245,0.982348,7025920,40341200,18.84933622,8777286.67,8292035.71,6260656,3551744,0.97,0.99,0.88,0.68,2202.42,2224.398571,2128.624,-4.449496308,2415.820068,2403.610003,2395.444995,0,0,-5.318074654
20170526,1.11,1.22,0.69411,0.826549,6847940,55293000,-25.53612613,14068780,7499214.29,5690931,3262901,1.23,0.95,0.83,0.66,2304.98,2193.725714,2081.827,-5.674321913,2415.820068,2398.73999,2389.565991,0.031055,1,18.84933622
20170525,1.74,1.74,1.01,1.11,12458000,87149500,-36.93181818,13072386.67,6790165.71,5069857,2987590,1.25,0.92,0.8,0.65,2443.64,2134.25,2025.172,5.310245559,2415.070068,2393.869978,2388.050977,0.444194805,0,-25.53612613
20170524,0.878954,1.9,0.863444,1.76,22900400,43947700,100.6482306,9696820,5182100,3913779,2497695,1.12,0.84,0.73,0.62,2320.42,2047.885714,1961.699,6.764516426,2404.389893,2386.819964,2386.775977,0.248912667,0,-36.93181818
20170523,0.721726,0.901805,0.695115,0.877157,3858760,36086300,21.74518311,2937330,2100424.29,1673909,1468547,0.75,0.66,0.6,0.56,2173.4,1964.175714,1910.148,6.476582403,2398.419922,2380.054269,2385.426977,0.183787185,1,100.6482306
20170522,0.682007,0.742591,0.669175,0.720486,2331300,34100400,8.483891222,2143133.33,1640202,1349723,1313521,0.68,0.6,0.56,0.53,2041.2,1902.037143,1865.232,-2.088040178,2394.02002,2380.375697,2384.674975,0.516013154,1,21.74518311
20170521,0.665434,0.744667,0.618864,0.664141,2621930,33271700,-0.201957971,1994233.33,1435333.29,1171396,1226397,0.65,0.57,0.54,0.51,2084.73,1868.852857,1845.969,4.880993706,2381.72998,2381.561419,2384.362964,0,1,8.483891222
20170520,0.638148,0.671513,0.612225,0.665485,1476170,31907400,5.321590226,1520770,1132442.29,1004518,1152403,0.61,0.54,0.52,0.49,1987.71,1828.878571,1816.209,5.245016281,2381.72998,2382.871407,2385.63396,0,0,-0.201957971
20170519,0.539752,0.682251,0.539752,0.63186,1884600,26987600,17.12367998,1471603.33,1009690.57,941226,1160171,0.57,0.51,0.51,0.48,1888.65,1791.24,1792.974,2.694811021,2381.72998,2384.181396,2387.42395,0.676749962,1,5.321590226
20170518,0.533423,0.552265,0.514519,0.539481,1201540,26671200,1.474297602,1055804.67,818751.71,860411,1113942,0.51,0.49,0.49,0.46,1839.09,1785.514286,1776.444,6.033036409,2365.719971,2385.491385,2388.942944,0.368681854,1,17.12367998
20170517,0.464285,0.531643,0.454101,0.531643,1328670,23214200,14.66052145,954364.33,783267.71,842832,1077549,0.49,0.49,0.48,0.44,1734.45,1778.091429,1752.206,-0.228942206,2357.030029,2389.594238,2392.308935,-1.817821459,1,1.474297602
20170516,0.474567,0.474567,0.452551,0.463667,637204,23728400,-1.359409604,678705.33,713921,834871,1027514,0.47,0.48,0.49,0.43,1738.43,1781.078571,1736.641,-3.896269024,2400.669922,2395.679931,2396.534936,-0.068689681,1,14.66052145
20170515,0.477364,0.4933,0.45415,0.470057,897219,23868200,-1.567607524,671940,776670.43,905322,1004924,0.48,0.48,0.5,0.41,1808.91,1778.924286,1718.343,0.221617698,2402.320068,2395.144217,2396.396948,0.477651364,0,-1.359409604
20170514,0.483372,0.490861,0.473253,0.477543,501693,24168600,-1.444863624,555543,795032,1081610,972153,0.48,0.48,0.51,0.4,1804.91,1748.61,1691.219,4.678583028,2390.899902,2394.724191,2396.093945,0,0,-1.567607524
20170513,0.487873,0.491284,0.451528,0.484544,616908,24393600,-0.643859548,706029.33,901798.71,1263186,960204,0.48,0.49,0.51,0.38,1724.24,1716.308571,1659.737,-6.725739355,2390.899902,2395.922782,2395.955957,0,0,-1.444863624
20170512,0.480874,0.508175,0.469682,0.487684,548028,24043700,1.373376819,781474.33,1005343.29,1277319,938142,0.49,0.51,0.5,0.37,1848.57,1692.195714,1632.595,3.437914421,2390.899902,2397.121373,2395.678955,-0.147844134,0,-0.643859548
20170511,0.504314,0.520573,0.431391,0.481077,953152,25215700,-4.528134886,957615,1307067.86,1281399,925147,0.48,0.52,0.48,0.35,1787.13,1647.781429,1589.898,1.809885152,2394.439941,2398.319964,2395.705957,-0.216280937,1,1.373376819
20170510,0.44926,0.541055,0.44926,0.503894,843243,22463000,12.13343125,981814.33,1501967.57,1300288,890646,0.48,0.52,0.46,0.34,1755.36,1605.347143,1545.974,1.857428845,2399.629883,2397.617118,2395.094971,0.113060139,0,-4.528134886
20170509,0.496131,0.501255,0.407576,0.44937,1076450,24806600,-9.505570189,1117086.67,1489823.86,1379116,859610,0.49,0.5,0.45,0.32,1723.35,1562.127143,1502.617,7.931308754,2396.919922,2395.974261,2393.551978,-0.102524866,1,12.13343125
20170508,0.5303,0.542761,0.486931,0.496572,1025750,26515000,-7.320004778,1205510,1420163,1367472,820652,0.54,0.48,0.43,0.31,1596.71,1519.02,1461.93,1.134405878,2399.379883,2395.152832,2392.279981,0.003744608,0,-9.505570189
20170507,0.585263,0.591143,0.516306,0.535792,1249060,29263200,-8.827743461,1750293.33,1436777.29,1312266,786800,0.57,0.45,0.4,0.29,1578.8,1483.474286,1434.032,1.501173294,2399.290039,2393.574289,2390.761987,0,0,-7.320004778
20170506,0.572854,0.59035,0.537649,0.58767,1341720,28642700,1.950640672,2106423.33,1491414.43,1220158,740912,0.55,0.43,0.37,0.28,1555.45,1446.758571,1404.26,1.156294914,2399.290039,2391.418562,2389.709985,0,0,-8.827743461
20170505,0.493833,0.576426,0.470129,0.576426,2660100,24691600,15.21399775,1911929,1436884.86,1104526,682220,0.47,0.38,0.33,0.26,1537.67,1412.62,1375.264,3.193095719,2399.290039,2389.262835,2388.525977,0.408869518,1,1.950640672
20170504,0.345096,0.500403,0.334537,0.500309,2317450,17254800,45.53088876,1221503.67,1124540.43,862696,553044,0.39,0.33,0.29,0.24,1490.09,1381.2,1346.512,2.565355653,2389.52002,2387.107108,2387.457983,0.058210276,1,15.21399775
20170503,0.314746,0.348589,0.309078,0.343782,758237,15737300,9.195033557,829703.67,840329.29,657222,442328,0.33,0.29,0.26,0.22,1452.82,1351.341429,1318.224,2.196117051,2388.129883,2386.999965,2385.920972,-0.127136051,1,45.53088876
20170502,0.319147,0.326074,0.280153,0.314833,588824,15957400,-1.2561238,1120798,758495.43,598966,411802,0.33,0.27,0.24,0.21,1421.6,1324.58,1296.113,5.468547137,2391.169922,2386.902832,2381.976977,0.118905005,1,9.195033557
20170501,0.361689,0.361689,0.269563,0.318838,1142050,18084400,-11.45823787,1244527.67,708921.29,568895,391974,0.32,0.25,0.23,0.21,1347.89,1300.087143,1276.158,1.974595057,2388.330078,2386.537144,2377.728979,0.173229053,0,-1.2561238
20170430,0.271731,0.362409,0.268994,0.360099,1631520,13586500,32.5213724,1021740.67,583300.71,481003,347744,0.29,0.23,0.21,0.2,1321.79,1279.99,1264.277,0.403348323,2384.199951,2384.511405,2373.764966,0,0,-11.45823787
20170429,0.229612,0.29057,0.221128,0.271729,960013,11480600,18.52696779,587224.67,375323.29,340103,276589,0.23,0.2,0.2,0.19,1316.48,1267.121429,1253.127,-0.0948601,2384.199951,2379.438546,2370.928979,0,1,32.5213724
20170428,0.202194,0.229271,0.20142,0.229255,473689,10109700,13.4409081,329020.33,279338.43,273832,233456,0.21,0.19,0.19,0.19,1317.73,1253.631429,1242.646,2.860867393,2384.199951,2374.365688,2366.325976,-0.191314734,1,18.52696779
20170427,0.184394,0.20851,0.181833,0.202092,327972,9219700,9.489264643,251725.67,249258.14,261333,212505,0.19,0.18,0.18,0.19,1281.08,1240.967143,1230.264,1.231933875,2388.77002,2369.292829,2362.124975,0.055292007,1,13.4409081
20170426,0.183475,0.188085,0.179909,0.184577,185400,9173750,0.584728398,229970.33,234194.29,261666,200187,0.18,0.18,0.18,0.19,1265.49,1230.854286,1220.45,1.227052754,2387.449951,2364.588553,2358.148974,-0.048570338,1,9.489264643
20170425,0.173606,0.184094,0.166802,0.183504,241805,8680300,5.608950379,226729.67,250180.29,259915,195042,0.18,0.18,0.18,0.19,1250.15,1223.165714,1211.153,3.55696192,2388.610107,2357.548549,2352.298974,0.609068744,1,0.584728398
20170424,0.177077,0.177153,0.163354,0.173758,262706,8853850,-0.687014175,242167.67,265450.14,243391,188054,0.18,0.18,0.18,0.19,1207.21,1215.131429,1202.892,-1.989104578,2374.149902,2350.917097,2346.332959,1.084006899,1,5.608950379
20170423,0.180684,0.185985,0.169937,0.17496,175678,9034200,-4.423734554,242308,275250.43,227434,182324,0.18,0.18,0.19,0.19,1231.71,1211.664286,1199.099,0.790475021,2348.689941,2347.325683,2341.812964,0,0,-0.687014175
20170422,0.178943,0.188524,0.173304,0.183058,288119,8947150,2.771134391,257923.67,274137.29,224639,178780,0.18,0.19,0.19,0.19,1222.05,1203.208571,1195.965,-0.571972532,2348.689941,2344.505685,2339.838965,0,0,-4.423734554
20170421,0.184685,0.185694,0.174442,0.178122,263127,9234250,-3.574502639,260984.67,243915.43,215052,169492,0.18,0.19,0.19,0.19,1229.08,1195.421429,1194.261,1.55252047,2348.689941,2341.685686,2339.462964,-0.303507315,1,2.771134391
20170420,0.189534,0.191015,0.178645,0.184725,222525,9476700,-2.472440446,289507,221059.86,214485,161836,0.18,0.19,0.19,0.19,1210.29,1186.878571,1190.066,-0.113892396,2355.840088,2338.865688,2339.971973,0.755726341,0,-3.574502639
20170419,0.180622,0.190709,0.178089,0.189408,297302,9031100,4.947390001,325768,210373.71,213075,165286,0.19,0.19,0.19,0.19,1211.67,1185.461429,1187.824,1.487549313,2338.169922,2335.02424,2340.103955,-0.171635055,0,-2.472440446
20170418,0.19191,0.192224,0.176355,0.180479,348694,9595500,-5.749677527,282629.33,195366.57,193081,175668,0.19,0.19,0.19,0.19,1193.91,1184.51,1184.252,0.9273505,2342.189941,2335.989955,2341.840967,-0.290338014,1,4.947390001
20170417,0.191583,0.192535,0.179468,0.191489,331308,9579150,-0.305608197,191920,182332.71,163677,175012,0.19,0.19,0.19,0.2,1182.94,1183.541429,1182.551,0.888684202,2349.01001,2337.645682,2343.175977,0.861334912,0,-5.749677527
20170416,0.193672,0.19565,0.188923,0.192076,167886,9683600,-0.045794217,115863.33,164777.29,138708,199530,0.19,0.2,0.19,0.2,1172.52,1184.245714,1182.525,0.426537849,2328.949951,2338.809954,2343.828979,0,0,-0.305608197
20170415,0.192991,0.194574,0.190452,0.192164,76566,9649550,-0.41148851,109142,154702.43,130169,201214,0.19,0.2,0.19,0.2,1167.54,1184.735714,1177.751,-0.148809524,2328.949951,2342.608538,2346.682983,0,0,-0.045794217
20170414,0.19154,0.19396,0.190495,0.192958,103138,9577000,0.663585238,147704,151572.14,132717,199268,0.19,0.19,0.19,0.2,1169.28,1186.072857,1174.322,-2.590034739,2328.949951,2346.407122,2349.082983,0,0,-0.41148851
20170413,0.193966,0.196013,0.190089,0.191686,147722,9698300,-1.977469024,199143.67,148497.86,137213,196493,0.2,0.19,0.19,0.19,1200.37,1187.987143,1171.775,-0.385059045,2328.949951,2350.205706,2352.203979,-0.681469445,1,0.663585238
20170412,0.198357,0.200199,0.191723,0.195553,192252,9917850,-1.148989516,219376.33,139181.14,132921,191716,0.2,0.19,0.19,0.19,1205.01,1177.188571,1161.955,1.506153496,2344.929932,2354.282854,2355.192993,-0.375995076,0,-1.977469024
20170411,0.209023,0.211772,0.189697,0.197826,257457,10451200,-4.833697336,187746.33,126294.14,123933,184012,0.2,0.19,0.19,0.19,1187.13,1166.937143,1149.504,-0.062296379,2353.780029,2355.428571,2356.971997,-0.143387938,0,-1.148989516
20170410,0.188842,0.220733,0.186149,0.207874,208420,9442100,10.06719227,120145.33,110671.14,109187,179030,0.2,0.19,0.19,0.19,1187.87,1160.748571,1137.97,1.013648539,2357.159912,2356.339983,2357.865991,0.068768646,0,-4.833697336
20170409,0.189679,0.191026,0.186312,0.188861,97362,9483950,-0.714957865,77878,95869,117497,180323,0.19,0.19,0.19,0.19,1175.95,1148.505714,1121.826,-0.080720537,2355.540039,2356.580008,2358.421997,0,1,10.06719227
20170408,0.189456,0.193674,0.188398,0.190221,54654,9472800,0.896404305,72925.67,96584.29,158255,178882,0.19,0.19,0.2,0.19,1176.9,1134.87,1108.228,-0.488720533,2355.540039,2357.605713,2359.673999,0,0,-0.714957865
20170407,0.187871,0.192661,0.184796,0.188531,81618,9393550,1.126964544,88722,104489.86,186347,179583,0.19,0.19,0.2,0.18,1182.68,1119.854286,1095.253,5.147673323,2355.540039,2358.631417,2360.232984,-0.082713013,1,0.896404305
20170406,0.184767,0.190455,0.184234,0.18643,82505,9238350,0.926271797,110881.33,134477.14,260352,184952,0.19,0.2,0.2,0.18,1124.78,1097.532857,1081.562,-0.747407898,2357.48999,2359.657122,2360.535986,0.192950938,1,1.126964544
20170405,0.185082,0.192548,0.182758,0.184719,102043,9254100,-0.152971319,118314.67,194825,272258,183997,0.19,0.2,0.2,0.18,1133.25,1085.417143,1065.757,-0.923230257,2352.949951,2361.167132,2358.945996,-0.305486123,1,0.926271797
20170404,0.199874,0.202591,0.181038,0.185002,148096,9993700,-7.361431726,118423.33,228185.57,265819,179929,0.2,0.2,0.2,0.18,1143.81,1073.117143,1049.71,3.778001579,2360.159912,2362.335694,2358.048999,0.055952246,0,-0.152971319
20170403,0.205808,0.205959,0.196132,0.199703,104805,10290400,-2.811465836,105722.33,324411,255774,173332,0.2,0.21,0.2,0.18,1102.17,1059.111429,1029.081,2.005552985,2358.840088,2362.108573,2356.431006,-0.164212562,0,-7.361431726
20170402,0.203584,0.206776,0.200261,0.20548,102369,10179200,0.225834931,167963.67,338233.57,250512,169279,0.2,0.21,0.19,0.17,1080.5,1039.762857,1022.723,0.812659196,2362.719971,2359.644287,2354.944995,0,0,-2.811465836
20170401,0.203606,0.206153,0.19444,0.205017,109993,10180300,0.725161024,302154,328988.86,244092,165321,0.21,0.2,0.19,0.17,1071.79,1024.374286,1019.587,4.41920053,2362.719971,2356.967146,2353.268994,0,1,0.225834931
20170331,0.210236,0.213953,0.196505,0.203541,291529,10511800,-3.331655237,377345.33,320081.43,248874,161651,0.21,0.19,0.19,0.17,1026.43,1005.192857,1024.462,-1.301960633,2362.719971,2354.290004,2351.841992,-0.225504754,1,0.725161024
20170330,0.212468,0.22193,0.206085,0.210556,504940,10623400,-0.881239761,554060.33,285889.29,243150,148688,0.21,0.19,0.18,0.16,1039.97,1006.93,1027.242,-0.68567063,2368.060059,2351.612863,2349.971997,0.293511003,0,-3.331655237
20170329,0.22065,0.225506,0.205719,0.212428,335567,11032500,-3.718408934,452934.67,219207.71,199509,125157,0.21,0.18,0.18,0.16,1047.15,1008.24,1026.919,0.131960182,2361.129883,2348.455706,2350.512988,0.108532497,0,-0.881239761
20170328,0.186277,0.235749,0.180596,0.220632,821674,9313850,18.34829906,353631,193814.43,172820,109431,0.19,0.18,0.17,0.15,1045.77,1018.724286,1019.586,8.176016054,2358.570068,2346.644287,2352.225,0.725147415,0,-3.718408934
20170327,0.161165,0.191642,0.160717,0.186426,201563,8058250,16.23728053,95620,109902,109551,68624,0.17,0.17,0.17,0.15,966.73,1019.932857,1025.032,-0.621928905,2341.590088,2344.565709,2354.192993,-0.101958721,1,18.34829906
20170326,0.167267,0.175043,0.158772,0.160384,37656,8363350,-4.136756224,45827,90898.57,95736,58960,0.16,0.16,0.16,0.15,972.78,1029.934286,1047.14,3.760986432,2343.97998,2349.119978,2357.858984,0,1,16.23728053
20170325,0.166941,0.167388,0.157475,0.167305,47641,8347050,0.504610579,45998,95329.57,94038,57610,0.17,0.16,0.16,0.14,937.52,1030.082857,1074.823,-9.731462849,2343.97998,2354.015695,2361.598975,0,0,-4.136756224
20170324,0.166412,0.178022,0.159289,0.166465,52184,8320600,0.031848665,82722.33,115521.57,90891,55438,0.17,0.16,0.15,0.14,1038.59,1053.327143,1105.071,-1.005585527,2343.97998,2358.911412,2365.726978,-0.084399608,1,0.504610579
20170323,0.173183,0.176421,0.156976,0.166412,38169,8659150,-3.887538047,143423.33,117125.71,88047,53140,0.17,0.16,0.15,0.14,1049.14,1074.644286,1124.404,-6.371927821,2345.959961,2363.807129,2367.873975,-0.106026956,1,0.031848665
20170322,0.164951,0.179551,0.159475,0.173143,157814,8247550,4.977142372,153546.67,114627,86550,51707,0.16,0.15,0.15,0.14,1120.54,1103.282857,1141.628,6.289898789,2348.449951,2368.867118,2370.624976,0.188988616,0,-3.887538047
20170321,0.153972,0.167727,0.150715,0.164934,234287,7698600,7.170983379,123833,94392,74427,44264,0.16,0.15,0.14,0.13,1054.23,1120.348571,1147.157,1.687018925,2344.02002,2374.125698,2373.03999,-1.240797287,1,4.977142372
20170320,0.157444,0.162542,0.149597,0.153898,68539,7872200,-2.324193958,108732.33,64314.71,54227,33196,0.16,0.14,0.14,0.13,1036.74,1145.732857,1153.406,6.461152985,2373.469971,2377.187116,2375.897998,-0.200989341,1,7.170983379
20170319,0.159019,0.163016,0.149322,0.15756,68673,7950950,-0.897557662,107023.67,57837.14,50805,30752,0.15,0.14,0.14,0.13,973.82,1172.11,1168.581,-11.48941585,2378.25,2377.187116,2375.811011,0,0,-2.324193958
20170318,0.140006,0.172281,0.140006,0.158987,188985,7000300,13.64169204,91025.33,53253.57,46041,27766,0.14,0.14,0.14,0.13,1100.23,1200.968571,1186.199,-7.373233093,2378.25,2376.379988,2374.473023,0,0,-0.897557662
20170317,0.131324,0.166127,0.122856,0.139902,63413,6566200,6.093260634,33420,30867.29,27696,18738,0.13,0.14,0.13,0.13,1187.81,1203.324286,1198.53,-4.945543009,2378.25,2375.572859,2372.946021,-0.131431487,1,13.64169204
20170316,0.128773,0.136685,0.125514,0.131867,20678,6438650,2.498192813,20197.67,26711,22184,16035,0.13,0.14,0.13,0.13,1249.61,1203.421429,1207.032,0.775,2381.379883,2374.76573,2371.96001,-0.162671029,1,6.093260634
20170315,0.133699,0.140774,0.128158,0.128653,16169,6684950,-3.76119269,21037,26762,21182,15870,0.13,0.14,0.13,0.13,1240,1189.191429,1208.783,0.655886746,2385.26001,2372.407192,2371.353028,0.837475297,1,2.498192813
20170314,0.136986,0.137204,0.127028,0.133681,23746,6849300,-2.407668329,27843.33,25243,19984,15377,0.14,0.13,0.13,0.12,1231.92,1186.84,1210.298,0.862958293,2365.449951,2369.22433,2371.139038,-0.337902737,0,-3.76119269
20170313,0.140799,0.140823,0.127288,0.136979,23196,7039950,-2.55806509,30688.33,23035.14,18233,14535,0.14,0.13,0.13,0.12,1221.38,1192.684286,1214.605,3.873859316,2373.469971,2369.644322,2372.906055,0.036663279,0,-2.407668329
20170312,0.142217,0.14357,0.131473,0.140575,36588,7110850,-1.102418708,34396,21244.14,16864,14093,0.14,0.13,0.13,0.12,1175.83,1199.218571,1217.568,5.293180027,2372.600098,2369.907192,2373.871069,0,0,-2.55806509
20170311,0.131403,0.142793,0.129965,0.142142,32281,6570150,8.112507226,29211.67,16616.14,14101,12812,0.14,0.13,0.13,0.12,1116.72,1210.55,1222.235,-6.038755059,2372.600098,2371.410052,2374.803052,0,0,-1.102418708
20170310,0.132107,0.141972,0.120088,0.131476,34319,6605350,-0.416584612,20296.67,12895.29,12164,11414,0.13,0.12,0.12,0.12,1188.49,1233.16,1228.56,3.346956522,2372.600098,2372.912912,2377.139038,0.326867042,1,8.112507226
20170309,0.116266,0.140766,0.114151,0.132026,21035,5813300,13.57856885,11620.67,9349.57,10698,10371,0.12,0.12,0.12,0.12,1150,1242.091429,1227.708,-6.010428756,2364.870117,2374.415771,2376.243018,0.079989548,0,-0.416584612
20170308,0.122602,0.128715,0.116242,0.116242,5536,6130100,-5.165085296,8162,7625,9491,10733,0.12,0.12,0.12,0.12,1223.54,1252.448571,1229.228,-3.87247315,2362.97998,2376.851458,2376.731006,-0.228421554,1,13.57856885
20170307,0.123459,0.123531,0.116952,0.122573,8291,6172950,-0.710409072,7714,8679,9781,10996,0.12,0.12,0.12,0.12,1272.83,1246.224286,1221.258,0.450628196,2368.389893,2381.562884,2377.167017,-0.291337376,0,-5.165085296
20170306,0.121782,0.124417,0.118414,0.12345,10659,6089100,1.39047447,7028.67,10303,9885,10866,0.12,0.12,0.12,0.12,1267.12,1232.958571,1211.343,0.953670876,2375.310059,2380.884312,2377.062036,-0.32772406,0,-0.710409072
20170305,0.119821,0.12368,0.116513,0.121757,4192,5991050,1.54794372,6642,10060.29,10558,10672,0.12,0.12,0.12,0.12,1255.15,1218.398571,1201.303,-1.556090636,2383.120117,2380.090018,2376.265039,0,1,1.39047447
20170304,0.122602,0.125583,0.117666,0.119901,6235,6130100,-2.076867793,8232.33,10666.14,10769,10811,0.12,0.12,0.12,0.12,1274.99,1202.497143,1187.532,1.916851184,2383.120117,2377.835728,2374.334033,0,1,1.54794372
20170303,0.119272,0.124929,0.118119,0.122444,9499,5963600,2.634512703,10458.67,11109.57,10836,10666,0.13,0.12,0.12,0.12,1251.01,1188.024286,1171.563,2.332106339,2383.120117,2375.581438,2372.304028,0.050387714,0,-2.076867793
20170302,0.135408,0.135475,0.115596,0.119301,8963,6770400,-11.75765734,13845.33,12236.29,11323,10228,0.12,0.12,0.12,0.12,1222.5,1175.982857,1154.46,3.604328924,2381.919922,2373.327149,2370.530005,-0.585988048,1,2.634512703
20170301,0.117455,0.135197,0.113717,0.135197,12914,5872750,15.11712065,13844.33,11856.43,11524,9910,0.12,0.12,0.12,0.12,1179.97,1160.974286,1136.997,0,2395.959961,2370.740025,2367.454004,1.367385451,0,-11.75765734
20170228,0.115442,0.118271,0.113307,0.117443,19659,5772100,1.791533768,12350.67,10997.71,10665,9808,0.12,0.12,0.12,0.12,1179.97,1151.735714,1124.442,1.267593546,2363.639893,2366.005755,2362.973999,-0.25783762,1,15.11712065
20170227,0.115234,0.118632,0.10963,0.115376,8960,5761700,0.339171725,8910.67,10242.14,10045,9239,0.11,0.12,0.12,0.12,1165.2,1137.451429,1111.066,1.867394041,2369.75,2366.254325,2361.726001,0.101798301,1,1.791533768
20170226,0.114553,0.115582,0.104331,0.114986,8433,5727650,0.401655519,11719.33,10529.43,11974,9056,0.12,0.12,0.12,0.12,1143.84,1120.69,1097.29,-2.542430645,2367.340088,2363.598598,2359.866992,0,1,0.339171725
20170225,0.120864,0.12166,0.110955,0.114526,9339,6043200,-5.494904485,11009.67,9942,12211,9159,0.12,0.12,0.12,0.12,1173.68,1107.915714,1083.654,0.596544158,2367.340088,2361.287144,2357.854981,0,1,0.401655519
20170224,0.119243,0.136124,0.086475,0.121185,17386,5962150,2.072874903,10197.67,10530.43,11846,8826,0.12,0.12,0.12,0.12,1166.72,1089.705714,1066.741,4.410080183,2367.340088,2358.975691,2356.045972,0.149336407,0,-5.494904485
20170223,0.121958,0.122226,0.114699,0.118724,6304,6097900,-2.652530769,9192.33,12083.71,10786,8468,0.12,0.12,0.12,0.12,1117.44,1069.808571,1049.133,0.191876625,2363.810059,2356.664237,2353.069971,0.041898705,1,2.072874903
20170222,0.124515,0.124515,0.115683,0.121959,6903,6225750,0.327407639,10748,12725.29,10853,8638,0.12,0.12,0.12,0.13,1115.3,1054.1,1037.307,3.270430934,2362.820068,2354.294224,2349.513965,-0.108220038,0,-2.652530769
20170221,0.1214,0.127322,0.114101,0.121561,14370,6070000,0.07079646,9887.33,12552,10496,8441,0.12,0.12,0.12,0.13,1079.98,1038.278571,1026.222,3.064311413,2365.379883,2352.355643,2344.841968,0.604806629,1,0.327407639
20170220,0.123001,0.127204,0.116679,0.121475,10971,6150050,-1.163500264,9583.33,11468.86,9133,7947,0.12,0.12,0.12,0.13,1047.87,1025.515714,1017.091,-0.62119459,2351.159912,2348.384242,2339.913989,0,1,0.07079646
20170219,0.124522,0.124827,0.117671,0.122905,4321,6226100,-1.226382493,15346,10898.29,8297,8270,0.12,0.12,0.12,0.13,1054.42,1018.56,1011.742,0.78473729,2351.159912,2345.111398,2336.408008,0,0,-1.163500264
20170218,0.122901,0.130873,0.119005,0.124431,13458,6145050,1.443001443,17504,10756.71,8952,8518,0.12,0.12,0.12,0.13,1046.21,1011.421429,1012.607,1.826870669,2351.159912,2340.102853,2332.079028,0,0,-1.226382493
20170217,0.125972,0.130485,0.115022,0.122661,28259,6298600,-2.717943024,14914.67,8940.29,8433,8430,0.12,0.12,0.12,0.13,1027.44,1003.201429,1014.121,1.981180768,2351.159912,2335.094308,2326.430029,0.167855636,1,1.443001443
20170216,0.112739,0.126088,0.112574,0.126088,10795,5636950,11.85054423,7757.67,5275.43,6137,7370,0.12,0.12,0.12,0.13,1007.48,998.4785714,1015.192,0.291672888,2347.219971,2330.085763,2320.622046,-0.086411791,0,-2.717943024
20170215,0.116744,0.120698,0.111437,0.112729,5690,5837200,-3.322384501,6485,5286.14,6107,7292,0.12,0.12,0.12,0.13,1004.55,1006.42,1017.178,1.404142776,2349.25,2324.464356,2315.156055,0.499230897,1,11.85054423
20170214,0.118339,0.121985,0.114384,0.116603,6788,5916950,-1.42282265,5698.33,5654.43,5807,7392,0.12,0.12,0.13,0.13,990.64,1014.534286,1021.013,-0.854700855,2337.580078,2316.667202,2309.973047,0.400733512,0,-3.322384501
20170213,0.12153,0.13772,0.118105,0.118286,6977,6076500,-2.69812283,3683.33,5442.14,6150,7374,0.12,0.13,0.13,0.13,999.18,1021.321429,1024.94,-0.52466524,2328.25,2310.310059,2305.957031,0.524584495,0,-1.42282265
20170212,0.125493,0.137479,0.117401,0.121566,3330,6274650,-3.217177387,2226,5945.14,6422,7382,0.12,0.13,0.13,0.13,1004.45,1025.344286,1026.202,1.596083627,2316.100098,2305.211496,2302.874024,0,0,-2.69812283
20170211,0.125788,0.127159,0.122483,0.125607,743,6289400,-0.122454497,4739.33,5853,6386,7575,0.13,0.13,0.13,0.13,988.67,1030.837143,1024.659,-0.574227157,2316.100098,2302.542899,2299.349024,0,0,-3.217177387
20170210,0.12754,0.13171,0.117976,0.125761,2605,6377000,-1.345351282,7247.67,7206.43,6762,7861,0.13,0.13,0.13,0.13,994.38,1036.728571,1022.832,-6.461474785,2316.100098,2299.874303,2295.694019,0.356605033,0,-0.122454497
20170209,0.129684,0.132791,0.118249,0.127476,10870,6484200,-1.614596197,8146.67,8220.29,8243,8497,0.13,0.13,0.14,0.13,1063.07,1039.217143,1015.432,0.162057757,2307.870117,2297.205706,2291.971021,0.575254631,0,-1.345351282
20170208,0.133244,0.134031,0.121542,0.129568,8268,6662200,-2.679235363,8022.67,7092.14,8084,8767,0.13,0.13,0.14,0.13,1061.35,1028.638571,1001.075,2.234744497,2294.669922,2293.345703,2289.273999,0.069332249,0,-1.614596197
20170207,0.126972,0.136817,0.126972,0.133135,5302,6348600,5.005994258,6161.67,6553.29,8427,9103,0.13,0.14,0.14,0.13,1038.15,1015.645714,987.099,1.052231978,2293.080078,2291.185721,2289.276001,0.022682895,0,-2.679235363
20170206,0.131717,0.138723,0.125146,0.126788,10498,6585850,-3.643355474,7800,8283.86,8603,9210,0.13,0.14,0.14,0.13,1027.34,998.8214286,975.259,-1.49199348,2292.560059,2289.155727,2289.436987,-0.211535686,1,5.005994258
20170205,0.135944,0.143104,0.128306,0.131582,2685,6797200,-3.153819544,7534.67,8110.57,8477,9083,0.13,0.14,0.14,0.13,1042.9,983.4157143,964.284,1.261275257,2297.419922,2287.48999,2289.649976,0,0,-3.643355474
20170204,0.134385,0.147454,0.13296,0.135867,10217,6719250,1.193916463,7630.67,9397.71,8978,9205,0.14,0.14,0.14,0.13,1029.91,966.0857143,950.148,1.789879423,2297.419922,2287.099993,2289.575977,0,0,-3.153819544
20170203,0.14565,0.14565,0.132985,0.134264,9702,7282500,-7.848372329,5723.67,8947.57,8599,9042,0.14,0.14,0.14,0.13,1011.8,950.3485714,936.426,2.303290126,2297.419922,2286.709996,2289.670996,0.7264758,1,1.193916463
20170202,0.147206,0.147974,0.134287,0.145699,2973,7360300,-1.031803176,8295,8881.29,8343,9020,0.15,0.14,0.14,0.13,989.02,936.89,927.347,1.918796373,2280.850098,2286.319998,2287.936011,0.057030948,0,-7.848372329
20170201,0.147034,0.150287,0.140878,0.147218,4496,7351700,0.137400011,10399,9555.71,8763,11389,0.15,0.14,0.14,0.13,970.4,924.3928571,920.912,5.434711749,2279.550049,2288.581403,2286.370996,0.029836365,0,-1.031803176
20170131,0.153713,0.153791,0.144326,0.147016,17416,7685650,-4.386056191,12798.67,9831.57,8960,14162,0.15,0.14,0.13,0.13,920.38,913.2914286,916.051,0.095704187,2278.870117,2291.269984,2285.546997,-0.088990534,1,0.137400011
20170130,0.141147,0.15376,0.140489,0.15376,9285,7057350,8.892099374,9348.67,8363.43,8752,19317,0.14,0.13,0.13,0.12,919.5,913.3814286,913.516,-0.226781975,2280.899902,2291.441406,2284.790991,-0.600954349,0,-4.386056191
20170129,0.138097,0.14186,0.132053,0.141204,11695,6904850,4.84874586,9333,8062,9449,25198,0.14,0.13,0.13,0.12,921.59,914.12,911.473,0.200054363,2294.689941,2289.198556,2283.832007,0,1,8.892099374
20170128,0.130334,0.137387,0.125774,0.134674,7066,6516700,3.322771457,7999.33,7315.29,9778,29114,0.13,0.13,0.12,0.12,919.75,914.1485714,907.976,0.235399252,2294.689941,2285.858573,2280.732007,0,1,4.84874586
20170127,0.129894,0.135296,0.128775,0.130343,9238,6494700,-2.44663653,7786.33,8496.57,9817,32212,0.13,0.12,0.12,0.12,917.59,910.6171429,906.795,1.780287064,2294.689941,2282.51859,2278.452002,-0.086646423,1,3.322771457
20170126,0.124319,0.135711,0.120759,0.133612,7694,6215950,7.564242932,7086.67,9499,9689,34441,0.13,0.12,0.12,0.12,901.54,907.9714286,898.189,0.991385587,2296.679932,2279.178606,2275.771997,-0.073538417,0,-2.44663653
20170125,0.120212,0.129256,0.115434,0.124216,6427,6010600,3.329922721,6913.67,10540.43,9431,36790,0.12,0.12,0.12,0.12,892.69,905.84,890.215,-3.07488518,2298.370117,2274.465751,2273.567993,0.802609063,1,7.564242932
20170124,0.128569,0.128569,0.113295,0.120213,7139,6428450,-7.491458122,6927.33,10687.57,9484,46779,0.12,0.12,0.12,0.12,921.01,908.0185714,882.787,-0.395816886,2280.070068,2270.682861,2271.194971,0.656459356,1,3.329922721
20170123,0.114416,0.130461,0.111428,0.129948,7175,5720800,13.67735953,9659.33,10804.86,9696,51125,0.12,0.12,0.12,0.12,924.67,895.2357143,873.084,0.312435587,2265.199951,2268.942836,2270.651953,-0.269012501,0,-7.491458122
20170122,0.116306,0.119379,0.109804,0.114313,6468,5815300,-1.716118271,12686,10510.14,14015,55293,0.12,0.12,0.12,0.12,921.79,880.54,861.1,2.989843916,2271.310059,2270.2914,2271.595948,0,1,13.67735953
20170121,0.117955,0.127853,0.114241,0.116309,15335,5897750,-1.273247375,15524.67,10579.57,19363,58766,0.12,0.12,0.12,0.13,895.03,865.7714286,846.697,-0.449353221,2271.310059,2270.76709,2271.508936,0,0,-1.716118271
20170120,0.116596,0.124276,0.111754,0.117809,16255,5829800,1.020416913,12898.67,9712,29882,61175,0.12,0.12,0.12,0.13,899.07,855.6214286,847.962,1.404209244,2271.310059,2271.242781,2271.909937,0.336623751,0,-1.273247375
20170119,0.123035,0.123948,0.116102,0.116619,14984,6151750,-5.214776283,10133.67,14584.86,40948,63412,0.12,0.12,0.12,0.13,886.62,842.1585714,848.338,-2.348172787,2263.689941,2271.718471,2271.668921,-0.360930872,1,1.020416913
20170118,0.116816,0.123035,0.115687,0.123035,7457,5840800,5.484490475,6843,21007.86,48449,66136,0.12,0.12,0.12,0.13,907.94,826.6071429,850.796,9.18908518,2271.889893,2272.682757,2272.189917,0.176375406,0,-5.214776283
20170117,0.119675,0.122525,0.114662,0.116638,7960,5983750,-2.51652751,6675.33,37160,54607,70813,0.12,0.12,0.12,0.13,831.53,826.57,850.861,1.183986371,2267.889893,2273.172782,2272.698926,-0.296750269,1,5.484490475
20170116,0.12373,0.123958,0.118628,0.119649,5112,6186500,-3.299873921,7109.33,54153.57,59193,76316,0.12,0.12,0.12,0.13,821.8,836.7557143,857.928,0.414217813,2274.639893,2273.317069,2273.607935,0,0,-2.51652751
20170115,0.122904,0.132022,0.117124,0.123732,6954,6145200,0.645035343,22193.67,66280.43,64148,89324,0.12,0.12,0.13,0.14,818.41,849.5271429,877.086,-0.675987281,2274.639893,2272.49707,2273.841943,0,0,-3.299873921
20170114,0.121337,0.12394,0.116299,0.122939,9262,6066850,1.333652047,39857.33,75148.86,84075,117939,0.12,0.12,0.13,0.14,823.98,862.41,910.718,2.379384466,2274.639893,2272.831368,2273.277954,0,1,0.645035343
20170113,0.124106,0.124342,0.113803,0.121321,50365,6205300,-2.256650715,76944,81514,92553,129459,0.12,0.13,0.13,0.14,804.83,873.5842857,932.704,3.480508126,2274.639893,2273.165667,2272.888965,0.184984061,1,1.333652047
20170112,0.115137,0.124128,0.109263,0.124122,59945,5756850,7.80281054,102460.67,82128.43,96571,133588,0.12,0.13,0.13,0.14,777.76,903.3771429,954.396,-14.31341442,2270.439941,2273.499965,2271.207983,-0.214480902,0,-2.256650715
20170111,0.13397,0.13495,0.112802,0.115138,120522,6698500,-13.98882448,112479,103025.43,98169,139973,0.12,0.13,0.13,0.14,907.68,957.23,976.453,0.537199694,2275.320068,2273.294259,2268.046997,0.282963827,1,7.80281054
20170110,0.123761,0.13955,0.123113,0.133864,126915,6188050,8.158071214,95316,99243,92468,161191,0.13,0.13,0.14,0.14,902.83,976.6814286,982.059,-0.91856892,2268.899902,2272.641392,2264.397998,0,0,-13.98882448
20170109,0.13263,0.13367,0.117667,0.123767,90000,6631500,-6.667722402,70950.33,94047.14,85876,186605,0.13,0.13,0.14,0.14,911.2,993.67,987.9,0.287258279,2268.899902,2271.059989,2261.391015,-0.354859422,1,8.158071214
20170108,0.128325,0.134773,0.127755,0.132609,69033,6416250,1.147943617,59172.33,92035.86,83823,185801,0.13,0.14,0.14,0.14,908.59,1006.117143,994.13,0.708268677,2276.97998,2266.764299,2258.384033,0,0,-6.667722402
20170107,0.135505,0.135759,0.125106,0.131104,53818,6775250,-3.224282509,104902.67,91247.14,87019,185115,0.13,0.14,0.14,0.14,902.2,1013.995714,1000.863,-10.97120527,2276.97998,2261.314313,2255.612036,0,1,1.147943617
20170106,0.131087,0.139018,0.131087,0.135472,54666,6554350,3.358510719,118311.67,92273.14,93440,184312,0.13,0.14,0.14,0.14,1013.38,1022.43,1003.963,-12.24095676,2276.97998,2255.864327,2252.90603,0.351695901,0,-3.224282509
20170105,0.136797,0.143977,0.126582,0.13107,206224,6839850,-4.142349379,130271,94387.14,114500,184711,0.14,0.14,0.14,0.14,1154.73,1016.732857,993.386,10.6232756,2269,2250.414341,2252.096021,-0.077067048,1,3.358510719
20170104,0.140294,0.142834,0.134433,0.136734,94045,7014700,-2.626369087,86836.67,79354,151803,176875,0.14,0.14,0.15,0.14,1043.84,991.1885714,967.531,2.161977,2270.75,2247.594343,2251.575024,0.572227384,0,-4.142349379
20170103,0.145645,0.147282,0.139653,0.140422,90544,7282250,-3.584130951,76659,82780.43,166365,174078,0.14,0.14,0.15,0.14,1021.75,975.3828571,953.029,2.345917683,2257.830078,2244.618617,2250.879028,0.848657528,0,-2.626369087
20170102,0.141841,0.147746,0.141841,0.145642,75921,7092050,2.679761141,66811,107741,170604,172098,0.14,0.15,0.15,0.14,998.33,959.0771429,943.052,3.5891423,2238.830078,2246.197161,2251.475024,0,0,-3.584130951
20170101,0.144763,0.147274,0.139742,0.141841,63512,7238150,-2.018471571,64658.67,179645.14,181777,169844,0.14,0.15,0.15,0.14,963.74,944.4842857,929.673,0.260080729,2238.830078,2249.76287,2253.971021,0,1,2.679761141
20161231,0.147526,0.148837,0.142705,0.144763,61000,7376300,-1.873555349,77152,204810.57,229913,169519,0.14,0.15,0.15,0.14,961.24,935.21,916.727,-1.259373395,2238.830078,2253.328578,2256.184009,0,0,-2.018471571
20161230,0.143599,0.14807,0.136893,0.147527,69464,7179950,4.666193686,96162,215086.86,287334,168568,0.15,0.15,0.15,0.14,973.5,929.6014286,900.691,-0.247971145,2238.830078,2256.894287,2258.818994,-0.463705039,0,-1.873555349
20161229,0.150688,0.151915,0.140106,0.14095,100992,7534400,-6.462980045,161430,231969.86,287779,166946,0.15,0.15,0.15,0.13,975.92,914.0357143,882.612,4.577796828,2249.26001,2260.459996,2262.011987,-0.029330466,1,4.666193686
20161228,0.158032,0.162041,0.14599,0.150689,118030,7901600,-4.646527286,320849.33,295382.43,283212,164635,0.16,0.15,0.15,0.13,933.2,893.8014286,864.073,2.819492954,2249.919922,2262.131417,2263.338989,-0.83565292,0,-6.462980045
20161227,0.1666,0.177395,0.153932,0.158032,265268,8330000,-5.141149,361396,369264.43,275184,160287,0.16,0.15,0.14,0.13,907.61,874.8985714,849.836,1.275413421,2268.879883,2264.311419,2264.154004,0.224837282,0,-4.646527286
20161226,0.146785,0.182563,0.141148,0.166597,579250,7339250,13.49497234,317284.67,341928,254922,149581,0.15,0.15,0.14,0.13,896.18,858.4842857,837.566,-0.293718431,2263.790039,2264.580008,2263.073022,0,0,-5.141149
20161225,0.144213,0.153788,0.141296,0.146788,239670,7210650,-0.087124615,186749.67,267081.71,201948,123338,0.14,0.14,0.13,0.13,898.82,843.3914286,825.757,-2.511985076,2263.790039,2264.400007,2262.501025,0,1,13.49497234
20161224,0.139545,0.151804,0.136822,0.146916,132934,6977250,6.775780745,288486.33,238235.43,181790,114937,0.15,0.14,0.13,0.13,921.98,827.9642857,814.023,6.643995651,2263.790039,2263.582868,2262.325024,0,0,-0.087124615
20161223,0.155059,0.157925,0.131227,0.137593,187645,7752950,-11.26753297,455909.67,228194.86,173591,113763,0.15,0.13,0.13,0.13,864.54,808.3828571,799.881,3.627079638,2263.790039,2262.76573,2261.274023,0.125171522,1,6.775780745
20161222,0.166441,0.184986,0.147481,0.155065,544880,8322050,-7.211713949,417999,208462,157911,110453,0.15,0.13,0.13,0.13,834.28,796.0328571,791.436,4.170412546,2260.959961,2261.948591,2262.067017,-0.186297386,0,-11.26753297
20161221,0.120868,0.168983,0.118599,0.167117,635204,6043400,38.26405666,254814.33,136062.86,109125,86696,0.14,0.12,0.12,0.13,800.88,788.49,784.981,1.030641723,2265.179932,2262.101458,2261.667017,-0.24573614,0,-7.211713949
20161220,0.121536,0.124127,0.115108,0.120868,73913,6076800,-0.42755814,55661.67,52597.71,49802,58074,0.12,0.12,0.12,0.13,792.71,785.5871429,782.358,0.275764361,2270.76001,2260.401472,2261.102026,0.363751238,1,38.26405666
20161219,0.11526,0.121812,0.106848,0.121387,55326,5763000,5.315807739,51907.33,46445.14,46113,57549,0.11,0.12,0.12,0.13,790.53,783.7842857,780.366,-0.037934828,2262.530029,2260.538609,2259.979028,0.197512073,0,-0.42755814
20161218,0.105842,0.117273,0.101063,0.11526,37746,5292100,8.898168969,49970.33,46687,46059,60882,0.11,0.12,0.12,0.13,790.83,780.8128571,778.394,0.754226599,2258.070068,2259.742885,2259.679028,0,1,5.315807739
20161217,0.114445,0.115568,0.10174,0.105842,62650,5722250,-7.506641499,50083.67,47290,45391,63638,0.11,0.12,0.12,0.13,784.91,778.5014286,776.124,0.876505289,2258.070068,2259.951451,2258.491015,0,1,8.898168969
20161216,0.109869,0.118707,0.109327,0.114432,49515,5493450,4.183471872,46183,43629.57,44241,62237,0.12,0.12,0.13,0.14,778.09,776.77,774.055,-0.433792292,2258.070068,2260.160017,2256.819018,-0.175062265,0,-7.506641499
20161215,0.121012,0.123902,0.109819,0.109837,38086,6050600,-9.23162105,39959.67,44382.14,44727,62434,0.12,0.12,0.13,0.14,781.48,775.73,772.116,0.117864098,2262.030029,2260.368582,2252.23501,0.388322796,1,4.183471872
20161214,0.12793,0.12793,0.120364,0.121008,50948,6396500,-5.432208754,46270.67,43379.14,48084,67970,0.13,0.13,0.13,0.14,780.56,773.8228571,771.355,0.060249458,2253.280029,2258.105713,2246.503003,-0.811717211,0,-9.23162105
20161213,0.133035,0.136888,0.125618,0.127959,30845,6651750,-1.55258238,43277,43408.29,53935,78067,0.13,0.13,0.13,0.15,780.09,771.4885714,770.414,1.345926494,2271.719971,2256.401437,2240.369995,0.653977485,0,-5.432208754
20161212,0.122082,0.140238,0.122082,0.129977,57019,6104100,6.421635253,45337.67,46769.86,62994,77468,0.13,0.13,0.13,0.15,769.73,768.4328571,770.199,-0.635125541,2256.959961,2247.902867,2232.392993,-0.113743476,0,-1.55258238
20161211,0.125352,0.128221,0.12073,0.122134,41967,6267600,-2.548512703,44592.33,48860.86,64267,76140,0.13,0.13,0.14,0.15,774.65,769.0242857,768.903,0.240686344,2259.530029,2240.438581,2225.891992,0,1,6.421635253
20161210,0.130952,0.132206,0.12477,0.125328,37027,6547600,-3.645729223,40958.33,58503,66347,74740,0.13,0.14,0.14,0.15,772.79,768.5242857,766.007,0.25687264,2259.530029,2230.784284,2219.046997,0,0,-2.548512703
20161209,0.134409,0.136923,0.129699,0.13007,54783,6720450,-3.242603902,45666.67,70561.57,68986,73233,0.13,0.14,0.14,0.15,770.81,769.26,762.288,0.348899275,2259.530029,2221.129987,2212.975,0.593898484,0,-3.645729223
20161208,0.137448,0.138971,0.134429,0.134429,31065,6872400,-2.197890142,45531,72698.57,75706,71543,0.14,0.14,0.14,0.16,768.13,767.2542857,758.788,0.511632776,2246.189941,2211.47569,2207.487988,0.215934271,0,-3.242603902
20161207,0.136196,0.142794,0.134726,0.13745,51152,6809800,0.994143883,59061.33,77227.71,81886,78502,0.14,0.14,0.14,0.16,764.22,764.0485714,755.178,0.727560301,2241.350098,2203.602853,2203.040991,1.316324173,0,-2.197890142
20161206,0.13896,0.14181,0.135703,0.136097,54376,6948000,-3.7904976,78498,78980,80233,81725,0.14,0.14,0.15,0.16,758.7,759.96,752.294,-1.960277566,2212.22998,2197.525704,2200.240991,0.341088811,1,0.994143883
20161205,0.14727,0.14727,0.138194,0.141459,71656,7363500,-3.880546307,100851.67,88637.57,80141,81644,0.14,0.14,0.15,0.16,773.87,756.69,750.589,0.352719964,2204.709961,2196.444266,2200.353003,0.582130536,0,-3.7904976
20161204,0.142444,0.157052,0.142444,0.14717,109462,7122200,3.317795063,100213.67,91668.57,87856,80972,0.14,0.15,0.16,0.16,771.15,750.7128571,747.231,-0.872817955,2191.949951,2196.017125,2201.217017,0,0,-3.880546307
20161203,0.141987,0.144054,0.136455,0.142444,121437,7099350,0.319034305,84649.33,80976.57,102198,83566,0.14,0.15,0.16,0.16,777.94,745.6028571,744.575,2.797415331,2191.949951,2199.074289,2202.494019,0,1,3.317795063
20161202,0.140119,0.145737,0.138452,0.141991,69742,7005950,1.339623449,65309.67,71265,91941,79878,0.14,0.16,0.16,0.17,756.77,740.4185714,741.916,1.485872145,2191.949951,2202.131452,2203.771021,0.039700648,1,0.319034305
20161201,0.144522,0.144846,0.138559,0.140114,62769,7226100,-3.126469205,82722,82560.29,88012,78337,0.14,0.16,0.16,0.17,745.69,738.0642857,740.164,1.371669386,2191.080078,2205.188616,2204.87002,-0.351552921,1,1.339623449
20161130,0.149963,0.150848,0.140499,0.144636,63418,7498150,-3.545777677,92756.67,109718.71,83133,79813,0.15,0.17,0.17,0.17,735.6,737.9071429,738.698,-0.028539976,2198.810059,2207.137172,2205.580005,-0.265340381,0,-3.126469205
20161129,0.167861,0.167909,0.141612,0.149953,121979,8393050,-10.73907401,83156.67,103354.14,77480,87985,0.16,0.17,0.17,0.17,735.81,740.1571429,740.3,0.51637228,2204.659912,2207.981446,2203.888989,0.133529288,0,-3.545777677
20161128,0.173073,0.175046,0.166608,0.167994,92873,8653650,-2.921698931,60315.67,90279.57,67380,84441,0.17,0.17,0.17,0.17,732.03,740.6485714,741.878,-0.455546792,2201.719971,2207.735735,2201.612988,-0.525453565,0,-10.73907401
20161127,0.174134,0.179557,0.173007,0.17305,34618,8706700,-0.62650381,78961,79008.71,75118,83022,0.17,0.17,0.17,0.17,735.38,740.5057143,742.773,-0.845412256,2213.350098,2207.230016,2199.630982,0,0,-2.921698931
20161126,0.174608,0.185637,0.173892,0.174141,53456,8730400,-0.213736434,151714.33,75047.29,83217,94491,0.17,0.17,0.17,0.17,741.65,742.8257143,743.655,0.183711789,2213.350098,2202.73713,2197.007983,0,0,-0.62650381
20161125,0.171903,0.191663,0.171885,0.174514,148809,8595150,1.488180047,140184.33,70407.43,83148,94452,0.17,0.17,0.17,0.17,740.29,744.2457143,740.652,-0.577499026,2213.350098,2198.244245,2193.366968,0.391438691,0,-0.213736434
20161124,0.167006,0.186579,0.165703,0.171955,252878,8350300,2.914684143,100733.67,73471.57,74089,95275,0.17,0.17,0.17,0.17,744.59,744.3442857,737.125,-0.899713848,2204.719971,2193.75136,2190.070947,0,1,1.488180047
20161123,0.168883,0.172495,0.16694,0.167085,18866,8444150,-1.069914502,21100,53860.43,64935,88798,0.17,0.17,0.17,0.17,751.35,744.2885714,732.869,1.636794048,2204.719971,2191.237095,2186.018945,0.080802475,1,2.914684143
20161122,0.173474,0.17422,0.167397,0.168892,30457,8673700,-2.642440453,17107.33,58703.43,67814,101145,0.17,0.17,0.17,0.17,739.25,738.6128571,728.239,1.124440857,2202.939941,2187.26852,2181.991943,0.216543192,0,-1.069914502
20161121,0.171,0.174966,0.169408,0.173476,13977,8550000,1.448546483,13947.33,62669.14,68661,111730,0.17,0.17,0.17,0.17,731.03,733.7228571,725.955,-2.739416194,2198.179932,2184.047084,2178.142944,0.746140095,0,-2.642440453
20161120,0.169929,0.171309,0.161549,0.170999,6888,8496450,0.630266937,66041,83721.29,76493,131616,0.17,0.17,0.17,0.17,751.62,729.58,724.405,0.003991538,2181.899902,2179.192801,2174.769946,0,1,1.448546483
20161119,0.172135,0.17649,0.168427,0.169928,20977,8606750,-1.306213954,102278.33,89546,98490,177146,0.17,0.17,0.17,0.18,751.59,722.9271429,721.57,1.4318875,2181.899902,2176.699951,2173.327954,0,1,0.630266937
20161118,0.173267,0.196769,0.16942,0.172177,170258,8663350,-0.636542013,112875,92109.29,101502,194987,0.17,0.17,0.17,0.18,740.98,717.9014286,717.396,-0.432679387,2181.899902,2174.207101,2171.463965,-0.238679849,0,-1.306213954
20161117,0.162654,0.177109,0.16256,0.17328,115600,8132700,6.614819509,75528,80971.86,90925,222179,0.17,0.17,0.17,0.18,744.2,714.2657143,713.611,4.578286164,2187.120117,2171.714251,2167.22998,0.467636971,0,-0.636542013
20161116,0.173875,0.177754,0.153992,0.162529,52767,8693750,-6.525377426,90775.33,96866,105766,243697,0.17,0.17,0.17,0.18,711.62,711.2757143,710.343,0.936143655,2176.939941,2168.908517,2161.669971,-0.15822638,1,6.614819509
20161115,0.183863,0.183864,0.172835,0.173875,58217,9193150,-5.392684971,89073.33,96628,105757,249535,0.18,0.17,0.17,0.17,705.02,711.0228571,709.523,0.425907725,2180.389893,2166.954241,2152.49397,0.748079769,0,-6.525377426
20161114,0.170347,0.196291,0.168508,0.183786,161342,8517350,8.162220378,82641,97523.71,116462,259604,0.17,0.17,0.17,0.17,702.03,710.7528571,709.345,-0.428338416,2164.199951,2161.121408,2142.972974,-0.011550279,0,-5.392684971
20161113,0.168699,0.172853,0.163703,0.169917,47661,8434950,0.724384244,59625.67,112190.14,112661,265063,0.17,0.17,0.17,0.17,705.05,712.1085714,708.012,-1.585684175,2164.449951,2156.452846,2135.070972,0,1,8.162220378
20161112,0.172603,0.179612,0.166288,0.168695,38920,8630150,-4.273489723,119358.33,112907,134475,277852,0.17,0.17,0.17,0.17,716.41,711.8757143,711.59,0.122985759,2164.449951,2145.128558,2127.491968,0,1,0.724384244
20161111,0.168293,0.181036,0.165815,0.176226,92296,8414650,4.726870781,123418.67,130956.29,154799,292785,0.17,0.17,0.17,0.17,715.53,709.9942857,712.928,-1.070139782,2164.449951,2133.804269,2120.840967,-0.139795017,0,-4.273489723
20161110,0.159342,0.179854,0.154536,0.168272,226859,7967100,5.26276281,114149,135390.71,186740,306151,0.16,0.17,0.17,0.17,723.27,706.1614286,711.472,1.890540255,2167.47998,2122.479981,2115.567969,0.195074562,1,4.726870781
20161109,0.161599,0.166946,0.156541,0.159859,51101,8079950,-1.073678478,126531.67,140953.57,255803,311815,0.16,0.17,0.18,0.17,709.85,708.67,709.331,0.955726537,2163.26001,2111.219971,2111.434961,1.107702067,1,5.26276281
20161108,0.173073,0.173376,0.160523,0.161594,64487,8653650,-6.640013404,127057.67,168248.14,288472,331870,0.17,0.17,0.18,0.18,703.13,711.5185714,709.794,-1.17916573,2139.560059,2101.888533,2107.749951,0.377197442,0,-1.073678478
20161107,0.163957,0.174019,0.143322,0.173087,264007,8197850,5.539566591,160650.33,217849.86,353433,354151,0.17,0.18,0.18,0.18,711.52,711.21,708.446,1.151516875,2131.52002,2097.911377,2106.434937,2.222354402,0,-6.640013404
20161106,0.1608,0.16817,0.15675,0.164002,52679,8040000,1.99319639,113760.33,311204.29,381628,362346,0.17,0.19,0.18,0.18,703.42,709.83,706.125,0.025595814,2085.179932,2097.144217,2105.923926,0,1,5.539566591
20161105,0.175934,0.181375,0.156657,0.160797,165265,8796700,-8.594962397,184800.33,357649.14,393313,393313,0.17,0.19,0.18,0.18,703.24,711.41,703.613,2.111224045,2085.179932,2103.034215,2110.709937,0,1,1.99319639
20161104,0.173574,0.183584,0.168351,0.175917,123337,8678700,1.373217928,210433,436054.29,418652,418652,0.18,0.19,0.18,0.18,688.7,709.4685714,703.6544444,-7.036702077,2085.179932,2108.924212,2113.546604,-0.166613051,0,-8.594962397
20161103,0.197962,0.19817,0.155788,0.173534,265799,9898100,-12.3304419,306553.67,496428.71,455566,455566,0.19,0.19,0.18,0.18,740.83,709.4128571,705.52375,1.512763946,2088.659912,2114.814209,2117.092438,-0.44234007,1,1.373217928
20161102,0.214646,0.219169,0.191732,0.197941,242163,10732300,-6.332043043,523783.33,482675.71,482676,482676,0.21,0.18,0.18,0.18,729.79,700.48,700.48,4.111445568,2097.939941,2121.154227,2121.154227,-0.652550063,0,-12.3304419
20161101,0.228232,0.239149,0.204285,0.211322,411699,11411600,-7.416834976,568993.33,522761.17,522761,522761,0.21,0.18,0.18,0.18,700.97,695.595,695.595,-0.126805916,2111.719971,2125.023275,2125.023275,-0.678688318,0,-6.332043043
20161031,0.18161,0.229291,0.177568,0.228251,917488,9080500,26.08741286,669794,544973.6,544974,544974,0.19,0.17,0.17,0.17,701.86,694.52,694.52,-1.766319561,2126.149902,2127.683935,2127.683935,-0.012227652,0,-7.416834976
20161030,0.172946,0.18382,0.170264,0.181026,377793,8647300,6.382003455,545950.67,451845,451845,451845,0.17,0.16,0.16,0.16,714.48,692.685,692.685,3.600377003,2126.409912,2128.067444,2128.067444,0,1,26.08741286
20161029,0.151237,0.176248,0.151237,0.170166,714101,7561850,12.28225296,476529,476529,476529,476529,0.15,0.15,0.15,0.15,689.65,685.42,685.42,0.194679723,2126.409912,2128.619954,2128.619954,0,1,6.382003455
20161028,0.127447,0.159842,0.12378,0.151552,545958,6372350,18.9333417,357743,357743,357743,357743,0.14,0.14,0.14,0.14,688.31,683.305,683.305,1.475748194,2126.409912,2129.724976,2129.724976,-0.310829937,1,12.28225296
20161027,0.129608,0.140409,0.124055,0.127426,169528,6480400,0,169528,169528,169528,169528,0.13,0.13,0.13,0.13,678.3,678.3,678.3,0.5,2133.040039,2133.040039,2133.040039,0.5,1,18.9333417
