date,open,high,low,close,volume,market_cap,increase_flag,percent_change
17442,297.48,300.11,288.13,292.46,321680000,28238500000,0,-1.6875084039263273
17441,302.48,302.92,294.58,297.48,339443000,28708500000,0,-1.6074617979757746
17440,301.55,303.19,295.06,302.34,306185000,28615200000,1,0.29191269156770233
17439,291.48,303.96,291.11,301.46,332439000,27655200000,1,3.4274539403712048
17438,299.12,299.92,279.77,291.47,541375000,28375900000,0,-2.5672739428380242
17437,306.47,307.20,295.47,299.15,501894000,29068700000,0,-2.3884882696512055
17436,287.02,308.01,286.82,306.47,550244000,27219400000,1,6.620512106874489
17435,292.35,293.75,287.02,287.44,345801000,27720000000,0,-1.6727670783019146
17434,282.22,293.51,281.88,292.33,483161000,26755500000,1,3.486972529028592
17433,286.21,292.95,278.13,282.48,571411000,27129900000,0,-1.2894433378760868
17432,264.60,286.17,261.12,286.17,450934000,25077100000,1,8.270591351065042
17431,258.11,270.54,256.22,264.31,430081000,24458400000,1,2.215948642586441
17430,283.26,286.61,255.02,258.58,601266000,26836000000,0,-8.867272855431036
17429,282.01,290.89,278.05,283.74,421404000,26712400000,1,0.3323903818953316
17428,293.66,295.77,274.48,282.80,646909000,27809300000,0,-3.6456558773424153
17427,252.23,293.50,252.23,293.50,1127750000,23881200000,1,16.583912611717974
17426,245.85,257.00,235.24,251.75,427452000,23272500000,1,2.121531721564169
17425,250.87,262.59,238.22,246.52,711737000,23742600000,0,-1.5731054859059321
17424,215.22,258.65,195.03,250.46,1935700000,20364900000,1,17.086625216212433
17423,276.59,280.84,213.91,213.91,1184590000,26166100000,0,-22.80682761358306
17422,291.12,291.12,260.61,277.11,921692000,27535700000,0,-4.923488643381585
17421,294.63,311.19,287.23,291.46,753144000,27861800000,0,-1.0423386412250002
17420,289.75,300.69,286.69,294.53,571307000,27394400000,1,2.0017316017315925
17419,294.06,294.76,268.97,288.75,698326000,27797200000,0,-1.9191576086956448
17418,296.17,299.89,287.22,294.40,528621000,27990500000,0,-0.7082630691399739
17417,329.64,329.64,285.16,296.50,1098780000,31147200000,0,-9.99605378987949
17416,333.52,333.52,319.94,329.43,718624000,31507500000,0,-1.4685649338996136
17415,313.80,334.66,313.49,334.34,1058830000,29639100000,1,6.821304195022194
17414,297.57,318.57,268.29,312.99,1551050000,28100000000,1,6.03719890232747
17413,347.13,347.13,279.94,295.17,1801690000,32774000000,0,-15.054103833314148
17412,350.23,366.49,332.23,347.48,986266000,33059800000,0,-0.4298240586853115
17411,387.82,389.35,328.10,348.98,1483600000,36601200000,0,-9.996389333058232
17410,383.47,390.04,383.47,387.74,874222000,36182900000,1,1.2270258980785267
17409,378.44,386.14,376.35,383.04,706254000,35701500000,1,1.2021453671167035
17408,369.47,388.75,361.97,378.49,1333320000,34848400000,1,2.1096932581541514
17407,347.96,373.76,347.79,370.67,1220030000,32813200000,1,6.5909417685118665
17406,350.04,352.05,338.41,347.75,854319000,33002700000,0,-0.040242605421249925
17405,334.36,347.89,334.36,347.89,633370000,31517500000,1,4.196118365879954
17404,331.99,334.99,327.92,333.88,514181000,31288300000,1,0.5905037358399552
17403,326.11,336.40,325.80,331.92,760329000,30727900000,1,1.9379011701114839
17402,317.45,327.96,317.08,325.61,697665000,29904600000,1,2.5478710002519627
17401,315.27,324.21,314.54,317.52,811990000,29691900000,1,0.8672448298865787
17400,321.06,327.36,297.91,314.79,1336400000,30229900000,0,-2.114493609875915
17399,300.48,347.05,297.23,321.59,2448970000,28285500000,1,6.68811996151676
17398,296.64,301.43,291.58,301.43,571947000,27918100000,1,1.3312266783204958
17397,296.18,301.67,286.18,297.47,860202000,27867900000,1,0.6360161033864652
17396,301.70,307.96,292.50,295.59,936160000,28380200000,0,-1.9471903403436626
17395,302.81,311.03,300.25,301.46,909494000,28477500000,0,-0.2679723426076032
17394,289.82,303.41,285.38,302.27,967643000,27249700000,1,4.295769788144361
17393,299.95,300.41,279.33,289.82,1051800000,28195800000,0,-3.4255248250583237
17392,298.03,306.81,296.41,300.10,864391000,28008700000,1,0.6844259545058111
17391,310.37,310.82,289.31,298.06,1369370000,29161100000,0,-4.037347070186741
17390,308.71,317.56,307.90,310.60,1111650000,28998700000,1,0.5633620410542022
17389,294.50,309.21,294.50,308.86,953576000,27657000000,1,4.383385717665358
17388,296.96,306.59,289.93,295.89,1076820000,27882200000,0,-0.04729250413808951
17387,297.63,318.72,276.69,296.03,2638580000,27938700000,0,-0.2493513495299421
17386,269.10,298.91,266.80,296.77,1502410000,25254600000,1,10.249647076305807
17385,261.24,271.96,256.69,269.18,935727000,24511000000,1,2.9093550483618205
17384,256.42,271.05,252.85,261.57,1482980000,24053500000,1,1.9726326459007455
17383,222.85,256.51,221.95,256.51,1333000000,20900000000,1,14.99081005962254
17382,225.31,227.62,222.06,223.07,539783000,21125600000,0,-1.0073666459572246
17381,220.18,228.29,219.89,225.34,557217000,20640100000,1,2.4505569447601796
17380,227.01,229.51,218.12,219.95,632606000,21275200000,0,-3.007452484896601
17379,204.69,227.74,204.69,226.77,1585330000,19179100000,1,11.232648256241726
17378,197.41,203.87,193.41,203.87,569414000,18492000000,1,2.975047984644921
17377,206.74,208.54,196.15,197.98,596234000,19360900000,0,-3.795130958744352
17376,193.34,208.68,179.65,205.79,824355000,18101800000,1,6.560687655343821
17375,204.32,204.90,192.30,193.12,562571000,19125100000,0,-5.481597494126855
17374,204.86,206.44,201.26,204.32,393283000,19169800000,1,0.18141701397401547
17373,207.09,210.77,194.78,203.95,717692000,19373400000,0,-1.3352039088578294
17372,224.37,225.32,195.84,206.71,1095760000,20985200000,0,-8.010324418138934
17371,226.28,227.54,222.45,224.71,431691000,21158500000,0,-0.5487939809692324
17370,229.12,231.68,217.72,225.95,649615000,21418300000,0,-1.538260414850968
17369,217.86,232.70,216.87,229.48,618260000,20360100000,1,5.116577344143644
17368,226.06,235.12,213.01,218.31,1006130000,21121100000,0,-3.9382205403502546
17367,205.42,233.90,203.22,227.26,2225000000,19187800000,1,13.800701051577368
17366,234.94,245.65,191.75,199.70,2328790000,21939300000,0,-14.800119459021289
17365,195.03,267.99,182.06,234.39,2709260000,18207400000,1,21.181883983042084
17364,159.99,194.75,158.04,193.42,1669500000,14932700000,1,22.91560752414843
17363,169.57,172.01,133.72,157.36,1516890000,15823100000,0,-7.793273174733378
17362,199.71,200.16,170.66,170.66,810452000,18630200000,0,-14.524691976359813
17361,209.53,211.10,187.37,199.66,749382000,19541300000,0,-4.801411338387448
17360,231.81,231.81,200.06,209.73,828489000,21613900000,0,-9.117302942323533
17359,197.15,230.77,189.59,230.77,1241190000,18377600000,1,16.904761904761905
17358,211.53,220.29,183.39,197.40,1440950000,19712300000,0,-8.339524517087671
17357,243.01,243.07,196.97,215.36,937219000,22640500000,0,-11.059717518790771
17356,251.82,255.10,242.14,242.14,505118000,23454700000,0,-3.798172427493048
17355,245.89,273.48,236.55,251.70,754958000,22890700000,1,2.3212325704296837
17354,270.35,273.94,244.17,245.99,687252000,25160800000,0,-9.077804472371097
17353,268.86,278.48,265.51,270.55,623080000,25019500000,1,0.662276295717539
17352,273.10,275.13,261.45,268.77,790256000,25406900000,0,-1.6575192096597253
17351,282.19,287.39,273.11,273.30,687691000,26245000000,0,-3.3934252386002006
17350,288.41,291.10,281.18,282.90,851408000,26815900000,0,-1.7674224799472313
17349,275.12,295.51,262.52,287.99,1123330000,25572800000,1,4.876183539694095
17348,293.35,293.75,268.62,274.60,1089200000,27259400000,0,-6.890004068900038
17347,303.15,315.17,288.44,294.92,1011800000,28161900000,0,-2.628103539355514
17346,328.37,330.71,297.37,302.88,1508580000,30495300000,0,-7.638825359070537
17345,293.04,333.10,276.41,327.93,2056550000,27207000000,1,11.887133644955487
17344,272.69,293.09,227.14,293.09,1973870000,25309700000,1,7.481022406395532
17343,302.95,311.46,238.65,272.69,2081810000,28111200000,0,-10.077493816982688
17342,323.47,332.79,284.65,303.25,1186880000,30005900000,0,-6.317578004324989
17341,341.63,343.62,322.09,323.70,673585000,31681300000,0,-5.2788669748932
17340,336.49,348.01,334.99,341.74,593207000,31195900000,1,1.596456283259507
17339,337.73,342.03,330.62,336.37,925767000,31302600000,0,-0.14842520853741797
17338,359.54,361.34,319.48,336.87,1420130000,33310500000,0,-6.16434540389972
17337,370.33,377.97,350.94,359.00,1020390000,34304000000,0,-2.9887045343998278
17336,371.86,377.12,369.76,370.06,685172000,34435700000,0,-0.37689118613039824
17335,379.52,390.58,368.84,371.46,904703000,35133800000,0,-2.095358583063189
17334,369.88,379.41,364.00,379.41,904653000,34231300000,1,2.4795397455635704
17333,361.18,373.06,341.42,370.23,1096280000,33415800000,1,2.2932611278424035
17332,358.51,364.44,300.70,361.93,2463450000,33158200000,1,0.8021166968388791
17331,397.59,399.32,342.21,359.05,1272580000,36761600000,0,-9.682044574130908
17330,395.69,411.18,370.06,397.54,1717380000,36574500000,0,-0.983835213828486
17329,341.16,414.76,341.16,401.49,2882650000,31525300000,1,17.873814626699154
17328,338.79,353.01,318.17,340.61,1373220000,31296800000,1,0.8706725501229003
17327,282.01,350.26,282.01,337.67,1611630000,26043700000,1,19.851636260381913
17326,261.75,282.76,261.75,281.74,557986000,24165000000,1,7.669965987694422
17325,257.99,262.25,253.97,261.67,385494000,23810900000,1,1.3949703568799252
17324,264.26,264.67,254.04,258.07,461649000,24382200000,0,-2.4199342080387316
17323,248.60,267.51,246.84,264.47,741553000,22930400000,1,6.443693149802793
17322,245.26,249.47,243.05,248.46,435660000,22615800000,1,1.2758325520727165
17321,224.12,250.41,223.98,245.33,753820000,20659800000,1,9.336839290489356
17320,223.46,225.97,219.42,224.38,427896000,20593500000,1,0.26812047546697393
17319,222.29,229.41,219.58,223.78,469532000,20479000000,1,0.6929445644348416
17318,230.89,236.22,214.48,222.24,812924000,21264800000,0,-3.6545714657302546
17317,231.58,236.97,215.57,230.67,1271600000,21321900000,0,-0.5346901815359446
17316,195.61,233.71,189.29,231.91,1586670000,18004700000,1,18.983120414550307
17315,170.13,197.13,164.53,194.91,718828000,15654600000,1,14.310011143041468
17314,158.82,179.94,157.60,170.51,717971000,14608600000,1,8.081896551724139
17313,159.82,166.95,120.44,157.76,1217060000,14696000000,0,-1.6458852867830516
17312,175.22,193.69,150.28,160.40,792458000,16107000000,0,-8.053883634279153
17311,189.85,210.98,170.51,174.45,943637000,17446600000,0,-8.208366219415955
17310,182.65,228.37,182.45,190.05,561014000,16779700000,1,4.4517724649629145
17309,170.82,183.55,169.93,181.95,530709000,15688000000,1,4.412946172386089
17308,158.17,201.75,152.47,174.26,1188910000,14522100000,1,10.333037862479419
17307,127.54,159.03,125.89,157.94,570361000,11705700000,1,24.834018337021817
17306,129.22,133.64,124.70,126.52,331455000,11856600000,0,-2.323785995522277
17305,97.05,133.56,97.05,129.53,626945000,8902240000,1,33.66009699721392
17304,89.84,97.37,89.84,96.91,196237000,8238110000,1,7.8455375027821015
17303,89.25,91.27,84.43,89.86,183031000,8181520000,1,0.4695885509839018
17302,92.39,93.56,89.12,89.44,152285000,8466470000,0,-3.2139378855102247
17301,90.78,95.43,86.83,92.41,170999000,8316930000,1,1.784337482101542
17300,90.87,91.25,89.61,90.79,66046600,8322380000,0,-0.055041831792158914
17299,88.69,93.81,86.66,90.84,88742200,8120390000,1,2.4588314910895632
17298,89.43,93.12,88.66,88.66,145825000,8184930000,0,-1.3573653760569637
17297,89.77,102.55,88.48,89.88,132722000,8213570000,1,0.40214477211796185
17296,91.15,92.85,85.29,89.52,145602000,8337180000,0,-1.7990346643264594
17295,91.23,93.06,80.39,91.16,363434000,8341490000,0,-0.2844016626558796
17294,93.75,95.14,89.51,91.42,231344000,8569060000,0,-2.755026061057338
17293,97.87,98.24,89.87,94.01,183295000,8942950000,0,-3.8850833248134107
17292,94.91,97.88,90.95,97.81,151462000,8669910000,1,3.612288135593217
17291,96.73,103.23,92.22,94.40,331928000,8833520000,0,-2.6603423386265193
17290,79.72,97.56,79.43,96.98,366847000,7277480000,1,21.6507777220271
17289,77.25,80.10,75.76,79.72,141922000,7050050000,1,3.18405384416256
17288,76.65,79.35,74.38,77.26,193773000,6992980000,1,1.2581913499344797
17287,79.32,82.52,73.09,76.30,376842000,7234070000,0,-3.442166540116425
17286,68.54,79.02,68.35,79.02,229945000,6248840000,1,15.5601052939456
17285,71.39,71.90,66.78,68.38,165448000,6506490000,0,-2.5370581527936165
17284,62.23,70.85,62.13,70.16,346546000,5669550000,1,12.851857809232738
17283,52.81,62.17,52.29,62.17,246775000,4809630000,1,17.92488619119879
17282,49.91,53.44,49.91,52.72,104884000,4544370000,1,5.672479454800558
17281,50.07,50.30,49.81,49.89,38264600,4557870000,0,-0.2798321007395574
17280,48.87,50.18,48.87,50.03,55580600,4446470000,1,3.1759125592905737
17279,48.59,48.89,48.17,48.49,36234000,4420040000,0,-0.12358393408855854
17278,48.18,48.74,48.17,48.55,37357600,4381290000,1,0.684363334715882
17277,49.64,49.66,48.14,48.22,45048300,4512610000,0,-2.919267163277638
17276,48.13,49.99,48.13,49.67,79600900,4373800000,1,2.8151521424135777
17275,50.73,50.95,47.26,48.31,76281000,4608260000,0,-4.732794320646812
17274,48.32,51.03,48.30,50.71,78748500,4387860000,1,4.989648033126302
17273,48.66,48.75,48.05,48.30,44013300,4417310000,0,-0.8620689655172449
17272,49.04,49.14,48.19,48.72,31343800,4450140000,0,-0.77393075356416
17271,47.65,49.57,47.18,49.10,66207800,4323100000,1,3.2163128021862537
17270,49.97,50.05,46.76,47.57,91674400,4531810000,0,-5.276782158502586
17269,46.31,50.91,46.31,50.22,157200000,4198420000,1,8.4899546338302
17268,43.46,47.23,43.11,46.29,88045700,3938930000,1,6.634416033172087
17267,43.50,44.25,43.30,43.41,38303300,3941100000,0,-0.06906077348066561
17266,43.28,44.14,42.42,43.44,44061500,3919520000,1,0.3928819043216884
17265,44.28,44.49,42.89,43.27,55143000,4009010000,0,-2.347099977431729
17264,41.80,45.21,41.73,44.31,74138800,3783000000,1,5.099620493358648
17263,42.87,44.04,41.65,42.16,81474700,3878210000,0,-2.4976873265495034
17262,45.22,45.64,40.90,43.24,147120000,4089930000,0,-4.547461368653411
17261,44.66,47.84,44.54,45.30,119733000,4037940000,1,1.4784946236559062
17260,43.92,45.74,41.72,44.64,157568000,3969730000,1,0.6311992786293985
17259,48.82,48.82,43.41,44.36,190513000,4411030000,0,-9.005128205128205
17258,50.74,51.27,45.43,48.75,134604000,4582700000,0,-3.846153846153851
17257,50.03,51.93,48.88,50.70,92461900,4517510000,1,1.3189448441247076
17256,51.75,51.77,47.38,50.04,151416000,4671190000,0,-4.156291898103815
17255,53.12,53.31,51.87,52.21,86885700,4793280000,0,-1.7316017316017347
17254,50.57,53.87,50.55,53.13,144998000,4561150000,1,4.648414417963362
17253,49.71,50.96,49.15,50.77,97745300,4482160000,1,2.214616468693379
17252,51.31,52.46,48.93,49.67,118978000,4624990000,0,-1.682501979414096
17251,50.77,51.80,49.28,50.52,106859000,4574540000,0,-1.424390243902433
17250,53.58,53.58,48.31,51.25,223059000,4825700000,0,-3.5021653172660505
17249,43.64,54.14,43.21,53.11,297046000,3929230000,1,21.588827838827836
17248,42.57,44.75,41.30,43.68,100724000,3831310000,1,3.1648559282002746
17247,43.12,43.52,39.69,42.34,113952000,3880120000,0,-1.8771726535341717
17246,43.51,44.26,42.37,43.15,91265400,3913620000,0,-0.5531228393639134
17245,44.83,46.23,42.44,43.39,154701000,4031270000,0,-3.017434063477875
17244,35.53,47.00,35.34,44.74,239430000,3193600000,1,30.97189695550353
17243,46.87,46.87,31.70,34.16,262180000,4211830000,0,-27.05530642750374
17242,45.93,55.11,38.21,46.83,497534000,4125480000,1,1.0355987055016114
17241,35.36,47.17,35.36,46.35,454418000,3174750000,1,32.201939532230455
17240,28.65,35.06,28.43,35.06,170344000,2571160000,1,22.373472949389196
17239,28.57,29.93,27.32,28.65,101797000,2563700000,1,0.20986358866736174
17238,23.50,30.60,23.50,28.59,255488000,2108300000,1,21.970989761092145
17237,21.46,23.44,21.38,23.44,74628900,1924660000,1,9.175593851886363
17236,19.37,21.59,19.01,21.47,69150100,1736630000,1,11.070874288670463
17235,17.74,19.66,17.68,19.33,87506800,1589640000,1,8.901408450704215
17234,16.64,17.87,16.37,17.75,31418400,1490500000,1,6.606606606606616
17233,18.88,18.88,16.65,16.65,44304600,1690760000,0,-11.858125992588683
17232,19.58,19.63,18.64,18.89,37972200,1752530000,0,-3.6715961244263076
17231,19.28,20.10,19.11,19.61,32432700,1725360000,1,1.6062176165803042
17230,18.50,19.42,18.23,19.30,26816300,1655030000,1,3.6519871106337254
17229,19.52,20.05,18.62,18.62,27341900,1745140000,0,-4.316546762589927
17228,19.04,20.67,18.41,19.46,95863400,1702140000,1,2.2595901208617954
17227,17.36,19.35,16.95,19.03,83627100,1550750000,1,9.682997118155617
17226,15.85,17.37,15.56,17.35,44927500,1415510000,1,9.671302149178263
17225,15.45,16.06,15.12,15.82,65478900,1379600000,1,2.7272727272727266
17224,14.51,15.68,14.27,15.40,31667000,1294770000,1,6.060606060606066
17223,13.52,14.54,13.40,14.52,20307500,1206150000,1,7.158671586715859
17222,13.06,13.72,12.98,13.55,18533900,1165230000,1,3.672532517214999
17221,13.13,13.23,12.88,13.07,19574400,1171110000,0,-0.38109756097560166
17220,12.60,13.21,12.56,13.12,14522300,1122910000,1,4.126984126984123
17219,12.69,12.76,12.55,12.60,10360900,1130460000,0,-0.5524861878453061
17218,12.34,12.77,12.21,12.67,15183300,1099330000,1,1.9308125502815785
17217,12.77,12.90,12.43,12.43,12994400,1136610000,0,-2.5862068965517246
17216,12.82,12.87,12.71,12.76,7799740,1140870000,0,-0.39032006245121553
17215,12.71,12.83,12.68,12.81,9370010,1130750000,1,1.025236593059943
17214,12.90,12.91,12.66,12.68,11636500,1147260000,0,-1.705426356589152
17213,12.92,12.92,12.54,12.90,38002600,1148860000,0,-0.1547987616099038
17212,13.04,13.04,12.64,12.92,18464700,1159000000,0,-0.8442056792018376
17211,11.29,13.33,11.29,13.03,42911500,1002810000,1,15.61668145519077
17210,11.38,11.39,11.17,11.27,7216520,1011080000,0,-1.1403508771929893
17209,11.35,11.40,11.30,11.40,6264900,1008030000,1,0.4405286343612398
17208,11.29,11.43,11.24,11.35,7544520,1002130000,1,0.6205673758865273
17207,11.04,11.34,10.78,11.28,11914200,979961000,1,2.2665457842248413
17206,11.44,11.60,10.67,11.03,18400300,1014280000,0,-3.4995625546806677
17205,11.54,11.63,11.24,11.43,9688630,1023170000,0,-0.7812499999999988
17204,11.43,11.61,11.41,11.52,7629640,1012620000,1,1.1413520632133363
17203,11.35,11.48,11.34,11.39,5695440,1005930000,1,0.35242290748899496
17202,11.44,11.49,11.32,11.35,5942960,1013400000,0,-0.6999125109361336
17201,11.13,11.50,11.13,11.43,14139500,985277000,1,2.880288028802883
17200,10.81,11.11,10.76,11.11,12897800,956944000,1,2.6802218114602505
17199,10.74,10.89,10.55,10.82,10172500,949793000,1,0.8387698042870442
17198,10.74,10.85,10.56,10.73,12852200,949969000,1,0.0
17197,10.56,10.75,10.54,10.73,11648700,933975000,1,1.5137180700094621
17196,10.49,10.71,10.47,10.57,8042180,927415000,1,0.8587786259541972
17195,10.56,10.57,10.45,10.48,4689950,933087000,0,-0.7575757575757582
17194,10.54,10.58,10.43,10.56,6580700,930688000,1,0.18975332068312478
17193,10.58,10.61,10.44,10.54,7189170,934404000,0,-0.4721435316336234
17192,10.57,10.67,10.51,10.59,8465020,932575000,1,0.18921475875117855
17191,10.62,10.62,10.48,10.57,6751450,936769000,0,-0.5644402634054609
17190,10.73,10.77,10.57,10.63,8327330,946083000,0,-1.7560073937153375
17189,10.71,10.84,10.67,10.82,7267210,944159000,1,1.1214953271028132
17188,10.91,10.97,10.58,10.70,8678620,961463000,0,-1.9248395967002827
17187,10.60,10.98,10.58,10.91,11937600,933405000,1,2.9245283018867974
17186,10.39,10.76,10.35,10.60,10992800,914696000,1,1.9230769230769162
17185,10.24,10.44,10.18,10.40,8347550,901484000,1,1.661779081133919
17184,10.30,10.52,9.94,10.23,10788200,906079000,0,-0.6796116504854396
17183,9.64,10.61,9.54,10.30,18391900,847981000,1,6.846473029045644
17182,9.88,9.93,9.58,9.64,14937400,869126000,0,-2.626262626262624
17181,9.83,10.00,9.60,9.90,14837900,864037000,1,2.5906735751295336
17180,9.79,9.89,9.44,9.65,20085800,859971000,0,-1.2282497441146287
17179,9.83,9.85,9.51,9.77,25066600,863241000,0,-0.912778904665313
17178,9.72,10.08,9.18,9.86,30453800,853638000,1,1.4403292181069833
17177,10.54,10.66,9.46,9.72,26823500,925320000,0,-7.867298578199053
17176,10.37,10.69,10.29,10.55,10879700,909897000,1,2.1297192642788056
17175,10.31,10.78,10.14,10.33,25718300,904682000,1,0.38872691933917325
17174,9.87,10.39,9.83,10.29,16676600,865667000,1,4.25531914893617
17173,10.24,10.28,9.59,9.87,23153600,897636000,0,-3.707317073170739
17172,10.29,10.63,9.63,10.25,29471800,901249000,1,0.0
17171,11.29,11.89,9.40,10.25,41557400,988599000,0,-8.88888888888889
17170,9.71,11.28,9.56,11.25,41051200,850115000,1,15.621788283658782
17169,8.37,10.00,8.32,9.73,33625200,732988000,1,16.109785202863954
17168,8.17,8.44,8.05,8.38,14579600,714900000,1,2.5703794369645148
17167,7.98,8.47,7.98,8.17,14731700,698149000,1,2.509410288582185
17166,8.15,8.16,7.91,7.97,9066800,712662000,0,-2.3284313725490247
17165,8.29,8.47,8.05,8.16,13909900,724528000,0,-1.4492753623188313
17164,7.54,8.53,7.54,8.28,27543800,658674000,1,10.106382978723403
17163,7.15,7.62,7.08,7.52,17453300,624359000,1,4.8814504881450445
17162,7.28,7.32,7.09,7.17,8778610,635260000,0,-1.3755158184319072
17161,7.13,7.33,7.05,7.27,5836810,622439000,1,1.253481894150416
17160,7.26,7.34,7.14,7.18,8671840,633792000,0,-1.237964236588719
17159,7.15,7.41,7.15,7.27,7626020,623759000,1,1.3947001394700091
17158,7.58,7.69,7.16,7.17,19613100,660546000,0,-5.4089709762533005
17157,7.90,7.91,7.50,7.58,16376700,688380000,0,-4.171934260429837
17156,7.66,7.94,7.66,7.91,9393550,667625000,1,3.2637075718015662
17155,7.63,7.75,7.57,7.66,6313550,664772000,1,0.26178010471204793
17154,7.87,7.87,7.63,7.64,5894760,685054000,0,-2.9224904701397767
17153,7.86,7.93,7.72,7.87,5890020,684028000,0,-0.12690355329948969
17152,7.86,7.90,7.52,7.88,8502620,683357000,1,0.25445292620864596
17151,7.86,7.93,7.80,7.86,5178610,683399000,1,0.38314176245211046
17150,8.24,8.24,7.72,7.83,13184400,715861000,0,-5.320435308343404
17149,8.45,8.52,8.25,8.27,7337220,734382000,0,-1.7814726840855148
17148,8.52,8.53,8.35,8.42,4486190,740099000,0,-1.1737089201877893
17147,8.19,8.61,8.17,8.52,9119700,711348000,1,4.02930402930403
17146,8.13,8.27,8.10,8.19,5545500,705363000,1,0.738007380073785
17145,8.44,8.53,8.02,8.13,8108370,732173000,0,-3.786982248520693
17144,8.17,8.67,8.05,8.45,12916300,708468000,1,2.6731470230862557
17143,8.38,8.86,8.23,8.23,16042700,726878000,0,-1.7899761336515556
17142,7.89,8.54,7.33,8.38,22229600,684258000,1,6.480304955527327
17141,6.80,7.92,5.98,7.87,50671200,589548000,1,15.39589442815249
17140,7.41,7.64,6.66,6.82,17344500,641820000,0,-8.333333333333334
17139,7.90,7.95,7.44,7.44,8450790,684258000,0,-6.060606060606054
17138,7.77,8.15,7.67,7.92,12112100,672138000,1,2.061855670103095
17137,8.46,8.46,7.42,7.76,18579800,731520000,0,-8.165680473372776
17136,8.60,8.65,8.36,8.45,5882340,743882000,0,-1.6298020954598438
17135,8.16,8.75,8.16,8.59,10626600,705040000,1,5.140758873929007
17134,8.73,8.74,7.88,8.17,17000400,754307000,0,-6.307339449541292
17133,9.00,9.01,8.72,8.72,6046890,777311000,0,-3.111111111111104
17132,9.31,9.33,8.78,9.00,8707660,804085000,0,-3.5369774919614154
17131,9.42,9.50,9.31,9.33,3505990,812795000,0,-0.7446808510638327
17130,9.23,9.75,9.21,9.40,7669720,796268000,1,1.8418201516793058
17129,9.85,9.85,8.93,9.23,15987800,849229000,0,-6.1991869918699125
17128,9.92,9.96,9.76,9.84,4812310,855265000,0,-0.7063572149344125
17127,9.63,10.24,9.59,9.91,11284400,829616000,1,3.0145530145530244
17126,9.58,9.64,9.54,9.62,3663210,825381000,1,0.4175365344467552
17125,9.66,9.71,9.52,9.58,5173420,832050000,0,-0.828157349896481
17124,9.48,9.75,9.48,9.66,5186540,816380000,1,1.898734177215187
17123,9.99,10.01,9.48,9.48,10816100,859571000,0,-5.105105105105103
17122,10.06,10.19,9.92,9.99,6984700,865393000,0,-0.695825049701792
17121,10.22,10.33,9.93,10.06,9533550,878610000,0,-1.5655577299412928
17120,9.97,10.32,9.85,10.22,6557550,857223000,1,2.507522567703109
17119,10.10,10.16,9.96,9.97,3573250,867755000,0,-1.2871287128712774
17118,9.89,10.41,9.84,10.10,8227770,849342000,1,2.2267206477732677
17117,10.29,10.34,9.70,9.88,10052500,883780000,0,-3.984450923226418
17116,10.51,10.57,10.26,10.29,6056300,902479000,0,-2.1863117870722473
17115,10.67,10.68,10.51,10.52,4253980,915940000,0,-1.3133208255159527
17114,10.82,10.83,10.22,10.66,14606600,928063000,0,-1.5697137580794083
17113,10.85,10.92,10.74,10.83,6258150,930345000,1,0.1850138760406991
17112,10.90,10.96,10.78,10.81,5992480,934536000,0,-0.5519779208831529
17111,10.99,11.25,10.85,10.87,5688710,941729000,0,-1.181818181818189
17110,11.09,11.24,10.88,11.00,5502670,950213000,0,-0.8115419296663648
17109,10.82,11.12,10.82,11.09,9958040,926129000,1,2.685185185185177
17108,10.80,11.11,10.76,10.80,15228600,924097000,1,0.46511627906977404
17107,10.77,11.16,10.69,10.75,11691700,921691000,0,-0.1857010213556135
17106,10.96,11.18,10.30,10.77,22901300,937123000,0,-2.090909090909095
17105,11.23,11.50,10.94,11.00,13393900,960008000,0,-1.610017889087654
17104,10.43,11.45,10.29,11.18,16694900,891164000,1,7.088122605363988
17103,11.10,11.20,9.56,10.44,27070400,948271000,0,-5.8611361587015365
17102,11.47,11.58,10.95,11.09,13971500,979916000,0,-3.565217391304349
17101,11.53,11.61,11.26,11.50,13255400,984361000,0,-0.2601908065914949
17100,11.38,11.66,11.38,11.53,10221800,971440000,1,1.051709027169143
17099,11.97,11.99,11.15,11.41,19316000,1020850000,0,-4.678362573099419
17098,12.04,12.10,11.91,11.97,5739690,1026400000,0,-0.581395348837197
17097,12.13,12.14,11.94,12.04,5774660,1033970000,0,-0.24855012427507156
17096,12.18,12.19,11.95,12.07,7583820,1037850000,0,-0.9031198686371055
17095,12.13,12.21,12.02,12.18,5676920,1033140000,1,0.661157024793389
17094,12.05,12.29,12.00,12.10,8170760,1025620000,1,0.6655574043261238
17093,12.59,12.62,11.91,12.02,10576200,1071710000,0,-4.527402700555999
17092,12.00,12.93,12.00,12.59,18864200,1020530000,1,4.829308909242299
17091,11.96,12.03,11.86,12.01,5724440,1016710000,1,0.5020920502092092
17090,11.98,12.01,11.93,11.95,3617280,1018540000,0,-0.25041736227046024
17089,11.94,12.00,11.78,11.98,4991840,1014280000,1,0.335008375209388
17088,11.99,12.07,11.90,11.94,4333510,1018390000,0,-0.1672240802675698
17087,11.91,12.13,11.78,11.96,8665190,1011190000,1,0.25146689019280083
17086,11.78,12.07,11.71,11.93,9694640,1000220000,1,1.1874469889737114
17085,11.76,12.16,11.75,11.79,11727700,997949000,1,0.2551020408163211
17084,12.06,12.06,11.62,11.76,10809200,1022860000,0,-2.406639004149385
17083,12.22,12.36,11.98,12.05,7208480,1035590000,0,-1.3911620294599012
17082,12.67,12.69,12.05,12.22,11611200,1073990000,0,-3.551696921862662
17081,12.85,12.99,12.53,12.67,8933050,1088570000,0,-1.4007782101167292
17080,13.03,13.14,12.69,12.85,12044800,1102940000,0,-1.4570552147239226
17079,13.28,13.35,13.04,13.04,9881370,1124270000,0,-1.8072289156626522
17078,13.45,13.53,13.21,13.28,8348280,1137980000,0,-1.263940520446096
17077,13.20,13.49,13.19,13.45,7458320,1116600000,1,1.893939393939394
17076,13.18,13.30,13.14,13.20,4079660,1114200000,1,0.22779043280181746
17075,13.20,13.31,13.05,13.17,6331160,1115690000,0,-0.3782148260211854
17074,13.08,13.34,13.02,13.22,5950840,1104530000,1,1.147666411629689
17073,13.28,13.34,13.07,13.07,5990630,1121060000,0,-1.5071590052750512
17072,13.11,13.48,13.08,13.27,10239000,1106330000,1,1.2977099236641216
17071,12.86,13.21,12.86,13.10,6831070,1085330000,1,2.184087363494535
17070,13.17,13.17,12.74,12.82,7213070,1110700000,0,-2.137404580152667
17069,12.85,13.11,12.80,13.10,5283440,1083510000,1,1.7080745341614818
17068,13.32,13.34,12.68,12.88,9824880,1122670000,0,-3.375843960990242
17067,13.21,13.45,13.10,13.33,9166430,1112590000,1,0.6037735849056609
17066,13.66,13.66,12.48,13.25,27382800,1150650000,0,-3.7763253449527934
17065,14.43,14.43,13.17,13.77,28645000,1214950000,0,-4.5738045738045745
17064,13.21,14.43,13.12,14.43,31929100,1111810000,1,9.401061410159214
17063,12.44,13.19,12.42,13.19,13838800,1045870000,1,6.1142397425583255
17062,12.69,12.99,12.16,12.43,22433300,1066620000,0,-2.1259842519685006
17061,12.56,12.76,12.44,12.70,7446610,1055440000,1,1.1146496815286528
17060,11.96,12.75,11.90,12.56,17421500,1004740000,1,5.192629815745402
17059,11.94,12.14,11.92,11.94,7309090,1002970000,1,0.1677852348993253
17058,11.90,12.00,11.86,11.92,5694820,999352000,1,0.0
17057,11.89,12.09,11.88,11.92,11704300,997638000,1,0.25231286795626034
17056,11.64,11.95,11.61,11.89,7478080,976645000,1,2.147766323024055
17055,12.21,12.21,11.59,11.64,8791180,1023640000,0,-4.354971240755952
17054,11.66,12.22,11.54,12.17,7220300,977515000,1,4.463519313304717
17053,11.41,11.68,11.39,11.65,6109200,956210000,1,2.643171806167407
17052,11.55,11.70,11.25,11.35,11535000,967010000,0,-1.7316017316017407
17051,11.69,11.73,11.52,11.55,6115050,979087000,0,-1.1976047904191514
17050,11.73,11.73,11.47,11.69,6346330,981303000,0,-0.2559726962457435
17049,11.68,11.81,11.59,11.72,5724100,977169000,1,0.34246575342466545
17048,11.75,11.79,11.47,11.68,7220550,982952000,0,-0.680272108843538
17047,12.11,12.36,11.35,11.76,13358800,1012580000,0,-2.8901734104046213
17046,11.96,12.31,11.88,12.11,9368300,999757000,1,1.0008340283569577
17045,11.67,12.58,11.65,11.99,24051500,974844000,1,2.742073693230508
17044,11.24,11.68,11.18,11.67,11073700,938406000,1,3.9180765805877065
17043,10.99,11.30,10.96,11.23,7221260,917474000,1,2.2768670309653913
17042,10.92,11.15,10.79,10.98,8130540,910698000,1,0.4574565416285518
17041,11.15,11.15,10.92,10.93,5303040,929690000,0,-1.9730941704035931
17040,11.29,11.29,11.14,11.15,15108400,941585000,0,-1.3274336283185872
17039,11.35,11.45,11.21,11.30,5857850,946092000,0,-0.5281690140844958
17038,11.03,11.39,11.02,11.36,8552380,918977000,1,2.898550724637684
17037,11.02,11.15,11.01,11.04,4423420,918039000,1,0.09066183136899172
17036,11.14,11.23,10.90,11.03,6489380,927065000,0,-0.8093525179856103
17035,11.19,11.34,11.07,11.12,6588920,930708000,0,-0.53667262969589
17034,11.25,11.25,10.99,11.18,4355660,936015000,0,-0.6222222222222248
17033,10.75,11.30,10.75,11.25,7443540,893814000,1,4.651162790697675
17032,10.75,10.80,10.73,10.75,5390850,893156000,0,-0.09293680297397572
17031,10.75,11.01,10.74,10.76,6935800,892903000,1,0.09302325581395152
17030,11.13,11.15,10.75,10.75,8833760,924591000,0,-3.500897666068228
17029,11.23,11.24,11.00,11.14,7051510,932162000,0,-0.7130124777183606
17028,11.20,11.31,11.00,11.22,7500840,929558000,1,0.2680965147453185
17027,11.58,11.69,11.10,11.19,8680160,960855000,0,-3.2843560933448637
17026,11.77,11.79,11.51,11.57,7539490,975999000,0,-1.7826825127334387
17025,11.69,12.04,11.64,11.78,13690100,968865000,1,0.7698887938408885
17024,12.14,12.27,11.63,11.69,17505000,1005720000,0,-3.7067545304777685
17023,12.23,12.46,11.98,12.14,28096300,1012910000,0,-0.8169934640522847
17022,11.27,12.45,11.20,12.24,36656600,933431000,1,8.800000000000002
17021,10.91,11.33,10.86,11.25,14956700,903184000,1,3.116406966086158
17020,10.86,11.09,10.78,10.91,16551000,898340000,1,0.2757352941176412
17019,10.92,10.94,10.29,10.88,16712600,902752000,0,-0.4574565416285355
17018,11.02,11.18,10.76,10.93,15487900,910856000,0,-0.9963768115941978
17017,10.31,11.29,10.16,11.04,38151400,851992000,1,7.288629737609329
17016,8.88,10.42,8.88,10.29,53979400,733204000,1,17.064846416382252
17015,10.95,11.14,8.20,8.79,88803300,903978000,0,-19.652650822669106
17014,11.89,12.01,10.94,10.94,23999500,981735000,0,-7.912457912457922
17013,12.44,12.51,11.55,11.88,25441400,1026310000,0,-4.654895666131622
17012,12.80,12.80,12.46,12.46,9047810,1055410000,0,-2.580140734949166
17011,12.84,12.87,12.55,12.79,14082300,1058220000,0,-0.38940809968847906
17010,12.98,12.99,12.49,12.84,24603900,1069560000,0,-1.002313030069397
17009,12.05,13.31,11.84,12.97,58278800,992645000,1,8.173477898248544
17008,13.82,13.85,11.73,11.99,94428800,1137660000,0,-13.367052023121385
17007,12.74,13.86,12.68,13.84,36673800,1048920000,1,8.549019607843137
17006,14.30,14.44,12.32,12.75,77750800,1176250000,0,-10.839160839160844
17005,14.67,14.90,14.05,14.30,32489700,1206190000,0,-2.455661664392902
17004,12.66,14.81,12.54,14.66,74779500,1040640000,1,15.889328063241104
17003,12.46,12.71,11.99,12.65,24636900,1024000000,1,1.6064257028112534
17002,11.59,12.99,11.57,12.45,60226100,952143000,1,7.142857142857144
17001,11.05,12.01,11.01,11.62,21730000,907135000,1,5.349048050770625
17000,11.17,11.61,10.95,11.03,15931900,917151000,0,-1.1648745519713333
16999,11.62,11.67,11.01,11.16,17921600,953762000,0,-4.206008583690989
16998,11.92,11.94,11.59,11.65,10445700,977658000,0,-2.5104602510460166
16997,11.50,12.43,11.49,11.95,26838900,942817000,1,3.8227628149435233
16996,10.60,11.68,10.60,11.51,23621900,868509000,1,9.619047619047617
16995,10.51,10.59,10.40,10.50,6715660,860770000,0,-0.1901140684410606
16994,10.45,10.76,10.43,10.52,11127700,855555000,1,0.5736137667303892
16993,10.94,11.01,10.26,10.46,13098000,895670000,0,-4.474885844748845
16992,10.96,11.01,10.78,10.95,5479240,896899000,0,-0.18231540565178986
16991,11.42,11.46,10.73,10.97,17254800,933946000,0,-3.6874451273046525
16990,10.12,11.52,9.96,11.39,20039800,827090000,1,12.660731948565788
16989,10.54,10.57,9.80,10.11,15407200,861144000,0,-3.988603988603988
16988,10.58,11.11,10.28,10.53,18137300,864063000,0,-0.7540056550424135
16987,11.46,11.52,9.58,10.61,45526900,935730000,0,-7.4978204010462175
16986,11.70,11.88,11.39,11.47,12943500,954849000,0,-2.1331058020477816
16985,12.12,12.15,11.59,11.72,10588700,989132000,0,-3.3800494641385006
16984,12.22,12.22,11.95,12.13,8987070,996510000,0,-0.5737704918032666
16983,12.44,12.49,11.73,12.20,17236500,1014220000,0,-2.0866773675762564
16982,12.60,12.74,12.25,12.46,15801300,1027260000,0,-1.1895321173671578
16981,12.17,13.04,11.69,12.61,26982800,991926000,1,3.5303776683087005
16980,13.93,13.98,11.72,12.18,43436600,1134340000,0,-12.247838616714704
16979,13.81,14.12,13.75,13.88,10994700,1124170000,1,0.21660649819495403
16978,14.26,14.37,13.66,13.85,14747600,1160590000,0,-3.0112044817927153
16977,14.30,14.58,14.02,14.28,15383100,1163530000,0,-0.3489183531053783
16976,13.68,14.57,13.22,14.33,33332900,1112590000,1,4.751461988304096
16975,13.22,13.79,12.56,13.68,30806400,1074240000,1,4.427480916030535
16974,13.20,15.79,13.10,13.10,96994100,1072510000,0,-1.5777610818933197
16973,11.82,13.42,11.29,13.31,69245600,960014000,1,12.415540540540546
16972,12.24,12.45,10.52,11.84,58143600,993503000,0,-3.1888798037612474
16971,11.17,13.18,10.64,12.23,69783600,906292000,1,7.943512797881732
16970,15.38,15.38,9.96,11.33,133937000,1247530000,0,-26.33289986996099
16969,20.65,21.52,13.57,15.38,199408000,1674540000,0,-25.30354541039339
16968,18.36,20.83,18.36,20.59,38531000,1488420000,1,12.20708446866484
16967,18.91,18.91,17.71,18.35,19393400,1531790000,0,-2.858655373213336
16966,17.61,19.27,17.30,18.89,64412200,1426500000,1,7.32954545454545
16965,15.77,17.64,15.72,17.60,38023400,1276930000,1,11.817026683608647
16964,14.19,15.90,14.19,15.74,38210300,1148070000,1,10.92318534179
16963,13.91,14.19,13.72,14.19,12176500,1125180000,1,2.0129403306973352
16962,14.38,14.43,13.82,13.91,11312900,1162500000,0,-3.402777777777779
16961,14.43,14.57,14.34,14.40,8256830,1166450000,0,-0.13869625520110662
16960,14.51,14.78,14.28,14.42,16941800,1172230000,0,-0.6202618883528591
16959,13.95,14.51,13.81,14.51,21421600,1126330000,1,4.1636755204594404
16958,14.00,14.06,13.73,13.93,8720400,1130350000,0,-0.28632784538297007
16957,13.76,14.07,13.57,13.97,11088400,1110690000,1,1.6739446870451269
16956,13.86,13.95,13.42,13.74,15792400,1118460000,0,-0.7942238267147973
16955,13.74,13.87,13.25,13.85,22981500,1108220000,1,0.8005822416302724
16954,13.99,14.05,13.63,13.74,10477200,1127830000,0,-1.8571428571428554
16953,14.11,14.32,13.44,14.00,22471300,1136900000,0,-0.5681818181818187
16952,12.74,14.27,12.64,14.08,42433400,1026410000,1,10.604870384917515
16951,12.33,12.88,12.27,12.73,14733800,992329000,1,3.0769230769230833
16950,12.11,12.69,11.78,12.35,28598400,974784000,1,3.868797308662734
16949,11.33,12.36,10.37,11.89,47274800,911724000,1,5.221238938053096
16948,12.39,12.39,10.50,11.30,57496400,996293000,0,-9.090909090909083
16947,12.52,12.99,12.06,12.43,20764000,1006080000,0,-0.7980845969672757
16946,12.79,12.90,11.77,12.53,27444700,1027940000,0,-1.5710919088766775
16945,13.31,13.77,12.01,12.73,41560600,1068670000,0,-5.423476968796437
16944,14.28,14.49,13.19,13.46,23842800,1146470000,0,-5.808257522743165
16943,14.04,14.35,13.77,14.29,17938900,1126810000,1,1.9258202567760314
16942,13.69,14.05,13.12,14.02,24648400,1098220000,1,2.785923753665682
16941,14.85,15.05,13.38,13.64,50544100,1191080000,0,-7.650643195666886
16940,13.54,14.87,13.34,14.77,53757500,1085570000,1,8.923303834808252
16939,12.18,14.26,12.18,13.56,65389900,975878000,1,11.147540983606568
16938,11.19,12.49,11.15,12.20,37198700,896505000,1,9.221128021486118
16937,9.97,11.44,9.97,11.17,29079900,798116000,1,12.14859437751003
16936,10.24,10.44,9.93,9.96,9218400,819399000,0,-2.734374999999994
16935,10.51,10.62,9.81,10.24,18808000,840395000,0,-2.5689819219790637
16934,10.06,11.05,10.02,10.51,31276900,804647000,1,4.47316103379721
16933,10.00,10.51,9.86,10.06,24137700,798952000,1,0.600000000000005
16932,9.43,10.01,9.39,10.00,15267500,753600000,1,6.8376068376068435
16931,9.28,9.48,9.26,9.36,9321790,741417000,1,0.6451612903225669
16930,9.49,9.64,9.20,9.30,13085300,758000000,0,-1.898734177215187
16929,9.37,9.60,8.93,9.48,15031000,748030000,1,1.1739594450373663
16928,9.32,9.48,9.21,9.37,10806500,743166000,1,0.21390374331550346
16927,9.81,9.95,9.04,9.35,21510600,782261000,0,-4.883011190233981
16926,9.40,10.05,9.29,9.83,18296200,749038000,1,4.463336875664186
16925,9.38,10.03,9.27,9.41,17622400,747638000,1,1.0741138560687395
16924,10.17,10.17,9.28,9.31,21463900,809644000,0,-8.366141732283461
16923,8.89,10.32,8.85,10.16,41019200,708137000,1,14.802259887005656
16922,8.78,9.01,8.43,8.85,16713800,698377000,1,0.45402951191826496
16921,7.45,9.37,7.45,8.81,36573300,592992000,1,18.09651474530832
16920,7.21,7.73,7.17,7.46,8762080,573124000,1,4.0446304044630415
16919,7.74,7.91,7.17,7.17,11576000,615316000,0,-7.6030927835051525
16918,7.39,7.97,7.32,7.76,19254500,587076000,1,4.864864864864857
16917,7.53,7.55,7.06,7.40,17667300,597819000,0,-1.9867549668874103
16916,8.01,8.09,7.24,7.55,18239900,635784000,0,-5.625000000000002
16915,8.29,8.47,7.96,8.00,10786400,658203000,0,-3.4981905910735724
16914,7.79,8.55,7.74,8.29,14565200,618147000,1,6.0102301790281185
16913,8.15,8.27,7.67,7.82,13309300,646298000,0,-3.4567901234567824
16912,8.45,8.72,7.96,8.10,13355400,670104000,0,-4.368358913813471
16911,8.69,8.83,8.31,8.47,15634700,688434000,0,-2.755453501722161
16910,9.08,9.31,8.60,8.71,12899100,718825000,0,-3.6504424778760876
16909,9.33,9.51,8.50,9.04,21084100,738916000,0,-2.900107411385621
16908,8.62,9.70,8.56,9.31,24619600,682467000,1,8.130081300813021
16907,8.24,8.65,8.11,8.61,9888460,651554000,1,4.490291262135913
16906,8.39,8.62,8.10,8.24,12179000,663169000,0,-1.7878426698450578
16905,8.08,8.76,8.02,8.39,13590700,638330000,1,4.35323383084579
16904,7.44,8.72,7.07,8.04,31403300,587994000,1,8.064516129032242
16903,8.64,8.64,7.15,7.44,23190100,682395000,0,-13.88888888888889
16902,8.94,8.95,8.00,8.64,15138100,706074000,0,-3.3557046979865652
16901,9.15,9.22,7.46,8.94,42613400,722133000,0,-2.295081967213124
16900,9.69,10.09,9.07,9.15,16194800,764797000,0,-5.8641975308642
16899,10.08,10.39,9.66,9.72,14660600,794705000,0,-3.475670307845081
16898,10.70,10.81,9.95,10.07,13464500,843091000,0,-5.799812909260985
16897,10.45,10.97,10.28,10.69,16997100,823420000,1,2.3946360153256707
16896,11.21,11.21,10.13,10.44,20557300,883170000,0,-6.451612903225811
16895,11.62,11.62,11.02,11.16,9599070,914560000,0,-3.958691910499132
16894,11.63,11.71,11.51,11.62,5580550,915175000,1,0.1724137931034446
16893,11.63,11.69,11.40,11.60,8682620,914995000,0,-0.514579759862783
16892,11.40,11.85,11.40,11.66,11373100,896537000,1,2.280701754385963
16891,11.92,12.01,11.32,11.40,14966700,936992000,0,-4.602510460251037
16890,11.61,12.18,11.47,11.95,19351200,911902000,1,2.487135506003423
16889,11.75,11.91,11.35,11.66,17684200,923114000,0,-0.08568980291345148
16888,10.43,11.86,10.41,11.67,23188300,819007000,1,11.99616122840691
16887,10.99,11.05,10.11,10.42,16744800,862211000,0,-5.013673655423889
16886,10.77,11.18,10.59,10.97,9425480,844742000,1,2.1415270018622015
16885,11.26,11.37,10.53,10.74,13782000,883012000,0,-4.363312555654499
16884,12.44,12.50,10.80,11.23,26081800,975295000,0,-9.581320450885663
16883,11.33,12.43,11.24,12.42,19353200,887595000,1,10.204081632653065
16882,11.88,12.03,11.18,11.27,19730300,929610000,0,-4.974704890387857
16881,10.30,12.01,10.16,11.86,28572600,805997000,1,14.92248062015503
16880,10.52,10.90,9.57,10.32,17651100,822297000,0,-1.9943019943019855
16879,11.20,11.20,9.78,10.53,26735700,875689000,0,-4.272727272727279
16878,11.11,11.18,8.52,11.00,53956800,867949000,0,-0.7220216606498201
16877,12.56,12.64,10.44,11.08,41650600,977389000,0,-11.501597444089454
16876,13.02,13.73,12.50,12.52,24335500,1013020000,0,-3.766333589546504
16875,13.00,13.20,12.05,13.01,28404500,1011090000,1,4.49799196787149
16874,14.51,15.01,11.58,12.45,58385100,1128180000,0,-13.959917069799593
16873,13.51,15.26,13.47,14.47,43915100,1049930000,1,6.947524020694762
16872,11.13,13.53,11.09,13.53,48957300,864733000,1,22.111913357400713
16871,11.22,11.60,10.39,11.08,21002700,871511000,0,-1.946902654867262
16870,11.88,12.24,10.99,11.30,26851500,922452000,0,-5.042016806722685
16869,9.79,12.05,9.67,11.90,27540500,760017000,1,20.812182741116757
16868,9.58,10.17,8.82,9.85,25524300,743456000,1,3.1413612565444913
16867,11.43,11.65,9.31,9.55,34085100,886447000,0,-16.080843585237258
16866,11.20,11.84,9.99,11.38,39112000,868736000,1,3.4545454545454617
16865,10.37,12.27,9.97,11.00,56439600,803827000,1,5.667627281460133
16864,9.24,10.41,8.48,10.41,35520100,716027000,1,12.055974165769657
16863,8.44,10.10,8.33,9.29,40314900,653959000,1,9.681227863046027
16862,7.63,8.75,7.37,8.47,29130200,591078000,1,10.718954248366016
16861,6.32,7.91,6.31,7.65,23098100,489188000,1,20.662460567823352
16860,6.46,6.61,6.05,6.34,7648020,499587000,0,-2.009273570324573
16859,6.41,6.62,6.24,6.47,9851660,495545000,1,0.6220839813374812
16858,5.96,6.53,5.92,6.43,8903210,461169000,1,8.614864864864861
16857,6.04,6.27,5.74,5.92,9526860,466797000,0,-2.9508196721311433
16856,6.19,6.65,5.55,6.10,21471800,478149000,0,-2.2435897435897525
16855,5.60,6.24,5.51,6.24,11426500,432977000,1,11.627906976744192
16854,5.68,5.95,5.39,5.59,13380600,439084000,0,-0.533807829181499
16853,4.66,5.65,4.64,5.62,15056200,360185000,1,20.860215053763433
16852,4.36,4.71,4.23,4.65,6413550,336572000,1,7.142857142857155
16851,4.68,4.75,4.13,4.34,8631090,361281000,0,-8.438818565400851
16850,4.38,4.79,4.27,4.74,7666320,338222000,1,7.727272727272723
16849,3.77,4.77,3.42,4.40,17054000,291068000,1,17.0212765957447
16848,4.29,4.77,3.50,3.76,15451000,330635000,0,-12.962962962962973
16847,5.33,5.47,4.03,4.32,15889100,410605000,0,-18.336483931947065
16846,5.33,5.89,5.02,5.29,13934200,410643000,1,0.9541984732824393
16845,5.40,5.47,4.45,5.24,11226500,416193000,0,-2.782931354359916
16844,5.69,5.72,4.19,5.39,24218800,437667000,0,-2.882882882882886
16843,5.95,6.58,5.07,5.55,23360800,457618000,0,-7.653910149750416
16842,4.50,6.29,4.34,6.01,26408200,345964000,1,35.360360360360346
16841,4.00,4.86,3.78,4.44,28640400,307684000,1,9.90099009900991
16840,3.17,4.04,3.17,4.04,17954000,244110000,1,27.0440251572327
16839,2.97,3.27,2.88,3.18,9725690,228504000,1,7.43243243243244
16838,2.54,3.06,2.54,2.96,7007060,194884000,1,16.996047430830046
16837,2.53,2.56,2.47,2.53,1921240,194621000,0,-0.39370078740158393
16836,2.57,2.61,2.47,2.54,2636700,197363000,0,-1.5503875968992262
16835,2.53,2.63,2.44,2.58,3552320,194126000,1,1.976284584980248
16834,2.43,2.54,2.34,2.53,3987750,186609000,1,3.688524590163929
16833,2.22,2.45,2.16,2.44,3451270,169923000,1,10.407239819004523
16832,2.32,2.32,2.12,2.21,3994100,177881000,0,-4.329004329004333
16831,2.44,2.53,2.19,2.31,5847500,187289000,0,-5.714285714285719
16830,2.51,2.61,2.40,2.45,3725080,192176000,0,-1.6064257028112463
16829,2.54,2.61,2.30,2.49,6662340,194815000,0,-1.5810276679841737
16828,2.41,2.68,2.34,2.53,4903850,184294000,1,5.857740585774045
16827,2.25,2.59,2.19,2.39,6961080,172061000,1,4.8245614035087865
16826,2.53,2.84,1.99,2.28,13939200,193838000,0,-8.800000000000008
16825,2.15,2.66,2.06,2.50,10739300,164313000,1,16.822429906542048
16824,1.90,2.30,1.90,2.14,9669770,145358000,1,8.62944162436549
16823,1.50,2.03,1.50,1.97,7370980,115002000,1,31.33333333333333
16822,1.55,1.58,1.47,1.50,1567240,118244000,0,-3.2258064516129057
16821,1.53,1.59,1.49,1.55,1614960,117111000,1,1.3071895424836613
16820,1.36,1.62,1.35,1.53,2933220,104124000,1,11.678832116788314
16819,1.42,1.46,1.31,1.37,2446740,108628000,0,-4.195804195804184
16818,1.33,1.54,1.32,1.43,4278930,101699000,1,7.518796992481193
16817,1.22,1.33,1.21,1.33,1171150,93207300,1,9.01639344262296
16816,1.22,1.31,1.17,1.22,2462630,93099400,1,0.8264462809917362
16815,1.18,1.32,1.14,1.21,3910550,90321700,1,1.6806722689075646
16814,1.12,1.19,1.10,1.19,751961,85539300,1,5.309734513274342
16813,1.14,1.15,1.08,1.13,1005910,86530000,0,-0.8771929824561412
16812,1.07,1.28,1.05,1.14,2898760,81217300,1,7.547169811320741
16811,0.999216,1.07,0.999216,1.06,1011920,76096500,1,6.081576732507306
16810,0.985557,1.00,0.975099,0.999231,390888,75031200,1,1.2563422585179074
16809,0.985501,0.992345,0.973600,0.986833,226281,75001800,1,0.004458906615287866
16808,0.942752,0.991825,0.939715,0.986789,545600,71724000,1,4.754114893233056
16807,0.955801,0.974623,0.935830,0.942005,647462,72692900,0,-0.9312622257745681
16806,0.950028,0.960659,0.935708,0.950860,308791,72229700,1,0.07198666352339124
16805,0.953147,0.970597,0.946543,0.950176,219833,72442400,0,-0.45092615874612085
16804,0.972045,0.976438,0.929835,0.954480,346245,73853900,0,-1.7928707023834658
16803,0.938430,0.991362,0.934313,0.971905,407632,71275900,1,3.7114618769767995
16802,0.947401,0.969637,0.936560,0.937124,255504,71933100,0,-1.1497599216897485
16801,0.933712,0.954822,0.931442,0.948024,206062,70870900,1,1.5512960316729183
16800,0.912098,0.975414,0.910277,0.933542,663994,69207400,1,2.3667756629142938
16799,0.874258,0.941099,0.866647,0.911958,604078,66314200,1,4.456081754393205
16798,0.843835,0.873054,0.833232,0.873054,215742,63985600,1,3.319388642670752
16797,0.856356,0.872394,0.832932,0.845005,235134,64913200,0,-1.3265371658113112
16796,0.853166,0.861538,0.841151,0.856365,164565,64650000,1,0.20617760527403264
16795,0.870766,0.897453,0.838314,0.854603,425282,65961900,0,-1.8107387377450552
16794,0.861993,0.882556,0.861993,0.870363,187114,65275400,1,0.822577618382371
16793,0.859433,0.882818,0.847600,0.863262,354646,65060000,1,0.6042581260189931
16792,0.861782,0.882940,0.856065,0.858077,334993,65215800,0,-0.7087463347689599
16791,0.894973,0.909526,0.862059,0.864202,454249,67704600,0,-4.059744374541361
16790,0.906065,0.917390,0.891182,0.900771,549113,68521200,0,-0.3445128528518629
16789,0.908240,0.943185,0.899441,0.903885,472164,68663100,0,-0.46108678606982056
16788,0.921524,0.925874,0.888916,0.908072,343535,69644200,0,-1.3101452299519563
16787,0.938327,0.939493,0.908081,0.920127,300787,70890600,0,-2.187092391737649
16786,0.993043,0.997611,0.911807,0.940701,640765,74999300,0,-5.093010163622826
16785,1.02,1.02,0.974927,0.991182,320767,76791600,0,-1.8631683168316833
16784,0.990589,1.03,0.982240,1.01,578618,74764100,1,1.7097304994249927
16783,0.956620,1.01,0.950178,0.993022,563436,72176400,1,4.212265081583908
16782,0.971538,0.989394,0.937438,0.952884,273614,73276400,0,-2.4656771476796213
16781,0.931196,1.05,0.928546,0.976973,1376280,70210000,1,5.0777510803840125
16780,0.839995,0.929762,0.819789,0.929762,801072,63312400,1,10.633796448341014
16779,0.795590,0.861590,0.787291,0.840396,369589,59945000,1,6.0882364450930275
16778,0.824454,0.824454,0.770488,0.792167,624221,62098400,0,-3.6431509831922013
16777,0.806024,0.823645,0.782328,0.822118,445903,60690400,1,1.3379121962764318
16776,0.836322,0.850791,0.787650,0.811264,520409,62950900,0,-2.9007779772591302
16775,0.866417,0.882436,0.833115,0.835500,443608,65194900,0,-3.1234709045751714
16774,0.841195,0.872821,0.824444,0.862438,232743,63276000,1,2.6661793888631626
16773,0.812082,0.859575,0.802373,0.840041,241278,61065700,1,3.43510933419362
16772,0.818546,0.837664,0.785086,0.812143,539969,61530500,0,-1.1041024829215484
16771,0.873171,0.878017,0.818924,0.821210,506307,65615700,0,-6.125971650663012
16770,0.878316,0.886736,0.853937,0.874800,652857,65980000,1,0.19252816626371017
16769,0.879951,0.895054,0.847696,0.873119,784439,66080400,0,-0.6254168497201306
16768,0.914144,0.914153,0.860533,0.878614,448358,68625100,0,-4.050330729505094
16767,0.868102,0.929293,0.862122,0.915703,462464,65147000,1,5.501693067926648
16766,0.882100,0.900051,0.860695,0.867951,403813,66174600,0,-1.8358190555575062
16765,0.863273,0.903643,0.804360,0.884183,947473,64740900,1,2.3908645489423215
16764,0.893827,0.899493,0.851106,0.863537,622991,67010200,0,-4.071802539683241
16763,0.946442,0.948055,0.895931,0.900191,524195,70931100,0,-4.939760435663679
16762,0.967493,0.969057,0.933870,0.946969,441875,72484200,0,-2.17444303721626
16761,0.979765,0.984132,0.958982,0.968018,372173,73378800,0,-0.8320527793144388
16760,0.928758,0.978743,0.920940,0.976140,455976,69535300,1,5.537776240107258
16759,0.955735,0.955735,0.898576,0.924920,614335,71532500,0,-3.2036603693021353
16758,0.988713,1.01,0.937498,0.955532,443528,73976100,0,-3.8041152942810825
16757,0.993214,1.01,0.940516,0.993319,681104,74287700,0,-1.651584158415847
16756,0.924948,1.03,0.905794,1.01,1145440,69157900,1,8.723499992464715
16755,0.906166,0.944732,0.891971,0.928962,620945,67730700,1,2.4928064538906938
16754,0.891217,0.921516,0.874957,0.906368,411848,66590200,1,1.9752208566040854
16753,0.905469,0.906113,0.876908,0.888812,372514,67631900,0,-1.6905284394577527
16752,0.907722,0.917309,0.846023,0.904096,543671,67777000,1,0.9361278358756312
16751,0.796455,0.913919,0.763510,0.895711,806156,59448700,1,13.119246706043858
16750,0.941296,0.945278,0.729775,0.791829,1278580,70236200,0,-15.25331032977006
16749,1.00,1.05,0.920968,0.934348,854581,74685300,0,-6.497691333142533
16748,1.03,1.11,0.945263,0.999278,2045290,76991800,0,-2.982718446601944
16747,0.915661,1.03,0.915661,1.03,1021460,68254300,1,10.994489069736876
16746,0.923732,0.943787,0.863539,0.927974,890187,68833200,1,0.20971197539609854
16745,0.904772,0.989848,0.852929,0.926032,913666,67397100,1,3.3936739996226093
16744,0.900699,0.991259,0.860382,0.895637,1179840,67070700,0,-0.37962293532061614
16743,1.01,1.04,0.725665,0.899050,3060340,75232400,0,-10.985148514851485
16742,0.994568,1.07,0.936615,1.01,1907690,74010000,1,2.0419503550756755
16741,1.06,1.10,0.953647,0.989789,1145200,78701400,0,-6.623679245283021
16740,0.920847,1.08,0.899082,1.06,588913,68477200,1,15.641367753731899
16739,1.05,1.06,0.900171,0.916627,673892,77800300,0,-11.862788461538468
16738,1.21,1.35,0.968160,1.04,2429200,89857400,0,-14.049586776859499
16737,1.01,1.21,0.947374,1.21,2279240,74675600,1,20.999999999999996
16736,0.870938,1.06,0.807857,1.00,2373050,64676600,1,14.989978623362973
16735,0.708890,0.898172,0.708890,0.869641,1846370,52624300,1,18.914369555199727
16734,0.619743,0.757517,0.597098,0.731317,1089120,45991300,1,18.71277630150039
16733,0.563207,0.688192,0.561383,0.616039,635384,41781300,1,9.306233254670943
16732,0.539681,0.577396,0.518688,0.563590,258356,40022100,1,4.434853990590316
16731,0.566370,0.611743,0.504284,0.539657,878822,41986400,0,-4.940091808730634
16730,0.444988,0.619466,0.420991,0.567702,924822,32977300,1,26.90927706453194
16729,0.431589,0.482988,0.420897,0.447329,609085,31973600,1,2.874693270228056
16728,0.489629,0.501898,0.431648,0.434829,383921,36261200,0,-11.080459864134767
16727,0.517621,0.521546,0.480994,0.489014,243742,38321300,0,-5.547250132307329
16726,0.547913,0.552234,0.512861,0.517734,133690,40550400,0,-5.381064297175694
16725,0.534117,0.563460,0.526961,0.547178,313860,39515900,1,1.9912580732346055
16724,0.562593,0.568861,0.522533,0.536495,249891,41608900,0,-4.517528716198167
16723,0.523278,0.572714,0.514730,0.561878,371022,38688300,1,7.440225788193541
16722,0.612240,0.612240,0.483974,0.522968,971664,45250600,0,-13.936691050020153
16721,0.627943,0.630240,0.599214,0.607655,303044,46395200,0,-2.935162851620534
16720,0.634515,0.657789,0.626030,0.626030,109567,46864200,0,-1.4068536276917047
16719,0.627461,0.639506,0.618335,0.634963,102128,46327500,1,1.1317863781083999
16718,0.641187,0.649022,0.624374,0.627857,141555,47325200,0,-3.499849376294901
16717,0.655084,0.692296,0.632116,0.650628,386420,48334900,1,4.650354824389261
16716,0.609501,0.633138,0.591971,0.621716,310266,44955900,1,2.0230132526403546
16715,0.650515,0.656301,0.602423,0.609388,218327,47964700,0,-6.3409386070745155
16714,0.622218,0.653944,0.606230,0.650645,262674,45863300,1,3.499919668237788
16713,0.666784,0.674438,0.624450,0.628643,234263,49131600,0,-5.9451299337651236
16712,0.686343,0.693126,0.660716,0.668379,103497,50556000,0,-2.7346904918863038
16711,0.678783,0.709204,0.675482,0.687171,163326,49981900,1,1.2669215148237283
16710,0.683732,0.691120,0.654605,0.678574,219318,50328700,0,-1.686575921995322
16709,0.734307,0.734307,0.655906,0.690215,596084,54032300,0,-6.556473754609791
16708,0.661192,0.746722,0.635861,0.738644,619926,48636600,1,11.721767960480733
16707,0.579414,0.675830,0.558346,0.661146,913992,42607700,1,13.426296051028846
16706,0.723715,0.725677,0.557062,0.582886,1320890,53201800,0,-19.13783799156261
16705,0.791277,0.791277,0.719169,0.720839,413801,58149600,0,-8.28600292125339
16704,0.737630,0.787544,0.709328,0.785964,369620,54188900,1,6.75624097589997
16703,0.820031,0.825665,0.712745,0.736223,903457,60221400,0,-9.511559592433732
16702,0.896796,0.908571,0.793460,0.813610,842505,65836400,0,-8.931661529024874
16701,0.903560,0.908910,0.885136,0.893406,200541,66309600,0,-0.9303656259287032
16700,0.919337,0.919337,0.865225,0.901796,487914,67444200,0,-1.8770530778077623
16699,0.941496,0.957326,0.878301,0.919047,424039,69045900,0,-2.067036427281303
16698,0.881191,0.947741,0.873205,0.938445,508314,64600000,1,6.352512661620521
16697,0.849603,0.911883,0.833784,0.882391,386988,62262700,1,3.3625986165857444
16696,0.874574,0.888102,0.833908,0.853685,484622,64071300,0,-2.350179757981581
16695,0.906865,0.909204,0.831132,0.874231,897940,66415200,0,-3.631493372282082
16694,0.941977,0.952698,0.901639,0.907175,615593,68963300,0,-3.9426732033756546
16693,0.875189,1.05,0.875189,0.944410,703390,64052400,1,7.855901290739607
16692,0.940566,0.949387,0.871760,0.875622,741085,68814400,0,-6.450940862369032
16691,1.04,1.04,0.902832,0.936003,644138,76193600,0,-9.99971153846154
16690,0.987228,1.11,0.969780,1.04,772430,72179000,1,5.800943663032135
16689,1.16,1.17,0.940675,0.982978,1942600,85144300,0,-15.984786324786318
16688,1.21,1.22,1.14,1.17,662782,88230500,0,-3.305785123966945
16687,1.24,1.26,1.20,1.21,366748,90518300,0,-2.4193548387096793
16686,1.25,1.28,1.23,1.24,427892,91020700,0,-0.8000000000000007
16685,1.30,1.31,1.24,1.25,489014,94585300,0,-3.8461538461538494
16684,1.34,1.37,1.29,1.30,491968,97625500,0,-2.985074626865674
16683,1.28,1.34,1.27,1.34,448453,93402300,1,5.511811023622052
16682,1.26,1.30,1.24,1.27,474391,92234100,1,0.7936507936507943
16681,1.30,1.31,1.21,1.26,702991,94418700,0,-2.325581395348839
16680,1.35,1.35,1.26,1.29,883769,98504600,0,-4.444444444444448
16679,1.35,1.39,1.34,1.35,778862,98617200,0,-0.7352941176470594
16678,1.32,1.40,1.20,1.36,1447180,96251000,1,3.030303030303033
16677,1.18,1.37,1.17,1.32,1337650,86145900,1,11.864406779661028
16676,1.19,1.21,1.15,1.18,375377,86887600,0,-0.8403361344537823
16675,1.15,1.21,1.12,1.19,721872,83521700,1,3.478260869565221
16674,1.17,1.19,1.14,1.15,686662,85106100,0,-0.8620689655172422
16673,1.13,1.20,1.06,1.16,1056750,82384400,1,1.7543859649122824
16672,1.23,1.24,1.13,1.14,1307180,89321900,0,-7.317073170731714
16671,1.35,1.36,1.23,1.23,924920,97791600,0,-8.888888888888896
16670,1.38,1.41,1.30,1.35,1589300,99894500,0,-2.173913043478247
16669,1.40,1.48,1.35,1.38,948310,101404000,0,-1.42857142857143
16668,1.48,1.56,1.35,1.40,2020970,107266000,0,-4.109589041095894
16667,1.25,1.53,1.25,1.46,2843760,90809000,1,15.87301587301587
16666,1.17,1.32,1.17,1.26,1486240,84663900,1,15.59633027522935
16665,1.22,1.33,1.09,1.09,1485680,88143200,0,-9.166666666666657
16664,1.58,1.58,1.19,1.20,1942830,95819700,0,-23.566878980891726
16663,1.68,1.70,1.09,1.57,3550790,102028000,0,-7.100591715976325
16662,1.80,1.88,1.57,1.69,2554360,109160000,0,-7.650273224043723
16661,1.81,2.26,1.75,1.83,4637030,109594000,1,0.0
16660,1.22,1.97,1.17,1.83,4068680,73935400,1,50.000000000000014
16659,1.06,1.29,0.883608,1.22,2150620,64018400,1,14.018691588785037
16658,0.708087,1.13,0.663235,1.07,1463100,42796500,1,51.034373729617435
16657,0.713989,0.729854,0.636546,0.708448,405283,43130000,1,0.9333278244528719
16656,0.706136,0.879810,0.629191,0.701897,532170,42637600,0,-6.826801181429001
16655,2.79,2.80,0.714725,0.753325,674188,167911000,0,-72.80415162454874
